NC_002945.4	523
NC_002945.4	524
NC_002945.4	551
NC_002945.4	687
NC_002945.4	697
NC_002945.4	1057
NC_002945.4	1194
NC_002945.4	1454
NC_002945.4	2532
NC_002945.4	2910
NC_002945.4	3139
NC_002945.4	4039
NC_002945.4	4480
NC_002945.4	4572
NC_002945.4	5671
NC_002945.4	8048
NC_002945.4	8741
NC_002945.4	8822
NC_002945.4	9629
NC_002945.4	10049
NC_002945.4	10727
NC_002945.4	12966
NC_002945.4	13245
NC_002945.4	13481
NC_002945.4	13607
NC_002945.4	16134
NC_002945.4	16530
NC_002945.4	16867
NC_002945.4	17856
NC_002945.4	18063
NC_002945.4	19267
NC_002945.4	19772
NC_002945.4	20333
NC_002945.4	24293
NC_002945.4	24515
NC_002945.4	24526
NC_002945.4	24678
NC_002945.4	25287
NC_002945.4	26956
NC_002945.4	27532
NC_002945.4	27724
NC_002945.4	27911
NC_002945.4	27925
NC_002945.4	28211
NC_002945.4	28325
NC_002945.4	28713
NC_002945.4	28945
NC_002945.4	29328
NC_002945.4	29442
NC_002945.4	29619
NC_002945.4	30669
NC_002945.4	31552
NC_002945.4	31954
NC_002945.4	32965
NC_002945.4	33426
NC_002945.4	33719
NC_002945.4	33788
NC_002945.4	33883
NC_002945.4	34274
NC_002945.4	34646
NC_002945.4	36881
NC_002945.4	37492
NC_002945.4	38105
NC_002945.4	38964
NC_002945.4	39584
NC_002945.4	40336
NC_002945.4	40472
NC_002945.4	41222
NC_002945.4	41228
NC_002945.4	41437
NC_002945.4	43157
NC_002945.4	45177
NC_002945.4	46227
NC_002945.4	47883
NC_002945.4	47961
NC_002945.4	48181
NC_002945.4	49989
NC_002945.4	50438
NC_002945.4	50470
NC_002945.4	52114
NC_002945.4	52597
NC_002945.4	53663
NC_002945.4	53678
NC_002945.4	55534
NC_002945.4	56204
NC_002945.4	57046
NC_002945.4	57421
NC_002945.4	57882
NC_002945.4	58286
NC_002945.4	58722
NC_002945.4	59861
NC_002945.4	60242
NC_002945.4	62758
NC_002945.4	63029
NC_002945.4	63049
NC_002945.4	63078
NC_002945.4	63849
NC_002945.4	65153
NC_002945.4	66416
NC_002945.4	67098
NC_002945.4	68453
NC_002945.4	68872
NC_002945.4	69026
NC_002945.4	69194
NC_002945.4	69913
NC_002945.4	70082
NC_002945.4	73434
NC_002945.4	74397
NC_002945.4	76085
NC_002945.4	76126
NC_002945.4	79047
NC_002945.4	79330
NC_002945.4	80275
NC_002945.4	80296
NC_002945.4	83210
NC_002945.4	83219
NC_002945.4	83347
NC_002945.4	84534
NC_002945.4	85048
NC_002945.4	86255
NC_002945.4	86518
NC_002945.4	88072
NC_002945.4	88287
NC_002945.4	90083
NC_002945.4	90596
NC_002945.4	90964
NC_002945.4	91793
NC_002945.4	92357
NC_002945.4	95559
NC_002945.4	96244
NC_002945.4	97120
NC_002945.4	97471
NC_002945.4	98466
NC_002945.4	99336
NC_002945.4	100461
NC_002945.4	100641
NC_002945.4	101334
NC_002945.4	102006
NC_002945.4	103928
NC_002945.4	103931
NC_002945.4	107009
NC_002945.4	108311
NC_002945.4	109854
NC_002945.4	110273
NC_002945.4	110468
NC_002945.4	114965
NC_002945.4	115239
NC_002945.4	116424
NC_002945.4	116720
NC_002945.4	117106
NC_002945.4	117362
NC_002945.4	117800
NC_002945.4	118736
NC_002945.4	119328
NC_002945.4	120010
NC_002945.4	120992
NC_002945.4	121393
NC_002945.4	122650
NC_002945.4	122673
NC_002945.4	124842
NC_002945.4	125186
NC_002945.4	126134
NC_002945.4	126140
NC_002945.4	126775
NC_002945.4	127447
NC_002945.4	129126
NC_002945.4	130237
NC_002945.4	130410
NC_002945.4	131638
NC_002945.4	132919
NC_002945.4	135102
NC_002945.4	135966
NC_002945.4	136633
NC_002945.4	137398
NC_002945.4	140686
NC_002945.4	141054
NC_002945.4	142104
NC_002945.4	142981
NC_002945.4	143057
NC_002945.4	143799
NC_002945.4	144073
NC_002945.4	144751
NC_002945.4	145300
NC_002945.4	145557
NC_002945.4	148140
NC_002945.4	148657
NC_002945.4	148871
NC_002945.4	149138
NC_002945.4	149316
NC_002945.4	149627
NC_002945.4	150824
NC_002945.4	151515
NC_002945.4	151788
NC_002945.4	152223
NC_002945.4	152685
NC_002945.4	154279
NC_002945.4	155991
NC_002945.4	159370
NC_002945.4	160535
NC_002945.4	162343
NC_002945.4	162499
NC_002945.4	162530
NC_002945.4	164890
NC_002945.4	164946
NC_002945.4	164978
NC_002945.4	165799
NC_002945.4	166696
NC_002945.4	171917
NC_002945.4	172290
NC_002945.4	172463
NC_002945.4	172528
NC_002945.4	172725
NC_002945.4	173091
NC_002945.4	173321
NC_002945.4	174379
NC_002945.4	174982
NC_002945.4	174992
NC_002945.4	176228
NC_002945.4	176568
NC_002945.4	178647
NC_002945.4	178740
NC_002945.4	178856
NC_002945.4	179417
NC_002945.4	179424
NC_002945.4	179885
NC_002945.4	180444
NC_002945.4	180500
NC_002945.4	182290
NC_002945.4	182880
NC_002945.4	183640
NC_002945.4	184917
NC_002945.4	188267
NC_002945.4	188517
NC_002945.4	188975
NC_002945.4	189083
NC_002945.4	189424
NC_002945.4	192098
NC_002945.4	192177
NC_002945.4	193262
NC_002945.4	193546
NC_002945.4	193636
NC_002945.4	194211
NC_002945.4	194247
NC_002945.4	195257
NC_002945.4	196890
NC_002945.4	199800
NC_002945.4	201635
NC_002945.4	201912
NC_002945.4	202830
NC_002945.4	203480
NC_002945.4	207206
NC_002945.4	209616
NC_002945.4	214570
NC_002945.4	214940
NC_002945.4	216168
NC_002945.4	218732
NC_002945.4	219170
NC_002945.4	219927
NC_002945.4	220099
NC_002945.4	220999
NC_002945.4	221088
NC_002945.4	221839
NC_002945.4	221919
NC_002945.4	223919
NC_002945.4	225861
NC_002945.4	226541
NC_002945.4	227215
NC_002945.4	227517
NC_002945.4	227738
NC_002945.4	229842
NC_002945.4	231742
NC_002945.4	232123
NC_002945.4	232188
NC_002945.4	232905
NC_002945.4	235342
NC_002945.4	235940
NC_002945.4	237273
NC_002945.4	238261
NC_002945.4	238944
NC_002945.4	240457
NC_002945.4	241516
NC_002945.4	242712
NC_002945.4	244849
NC_002945.4	246207
NC_002945.4	247448
NC_002945.4	249016
NC_002945.4	249263
NC_002945.4	250019
NC_002945.4	250509
NC_002945.4	254706
NC_002945.4	258069
NC_002945.4	259042
NC_002945.4	262088
NC_002945.4	262385
NC_002945.4	263159
NC_002945.4	263209
NC_002945.4	264124
NC_002945.4	265183
NC_002945.4	265653
NC_002945.4	265675
NC_002945.4	266601
NC_002945.4	268360
NC_002945.4	268923
NC_002945.4	269989
NC_002945.4	270485
NC_002945.4	271077
NC_002945.4	272387
NC_002945.4	276089
NC_002945.4	276186
NC_002945.4	276556
NC_002945.4	277920
NC_002945.4	280353
NC_002945.4	280360
NC_002945.4	283040
NC_002945.4	283370
NC_002945.4	284369
NC_002945.4	285894
NC_002945.4	287276
NC_002945.4	288778
NC_002945.4	290099
NC_002945.4	291260
NC_002945.4	292118
NC_002945.4	292523
NC_002945.4	292778
NC_002945.4	295109
NC_002945.4	295519
NC_002945.4	296098
NC_002945.4	296117
NC_002945.4	299636
NC_002945.4	300064
NC_002945.4	300481
NC_002945.4	303227
NC_002945.4	303773
NC_002945.4	303947
NC_002945.4	304309
NC_002945.4	309818
NC_002945.4	310053
NC_002945.4	312220
NC_002945.4	314410
NC_002945.4	318394
NC_002945.4	318516
NC_002945.4	318708
NC_002945.4	321009
NC_002945.4	321330
NC_002945.4	321372
NC_002945.4	322034
NC_002945.4	322746
NC_002945.4	324105
NC_002945.4	324581
NC_002945.4	326757
NC_002945.4	327218
NC_002945.4	327241
NC_002945.4	327543
NC_002945.4	329975
NC_002945.4	331112
NC_002945.4	331117
NC_002945.4	331120
NC_002945.4	332218
NC_002945.4	332489
NC_002945.4	332573
NC_002945.4	333010
NC_002945.4	334320
NC_002945.4	334323
NC_002945.4	334785
NC_002945.4	336338
NC_002945.4	339072
NC_002945.4	339207
NC_002945.4	339620
NC_002945.4	339839
NC_002945.4	340088
NC_002945.4	340090
NC_002945.4	340091
NC_002945.4	340092
NC_002945.4	340097
NC_002945.4	342217
NC_002945.4	343287
NC_002945.4	345003
NC_002945.4	346206
NC_002945.4	349282
NC_002945.4	351062
NC_002945.4	353624
NC_002945.4	355056
NC_002945.4	356707
NC_002945.4	358803
NC_002945.4	360439
NC_002945.4	361926
NC_002945.4	362163
NC_002945.4	362460
NC_002945.4	362722
NC_002945.4	362818
NC_002945.4	364560
NC_002945.4	364804
NC_002945.4	364938
NC_002945.4	366022
NC_002945.4	367577
NC_002945.4	367893
NC_002945.4	368367
NC_002945.4	368552
NC_002945.4	368725
NC_002945.4	368793
NC_002945.4	373357
NC_002945.4	375292
NC_002945.4	376318
NC_002945.4	379708
NC_002945.4	381130
NC_002945.4	384021
NC_002945.4	385168
NC_002945.4	385278
NC_002945.4	385862
NC_002945.4	390192
NC_002945.4	391564
NC_002945.4	394778
NC_002945.4	395478
NC_002945.4	395666
NC_002945.4	397152
NC_002945.4	397288
NC_002945.4	397611
NC_002945.4	397885
NC_002945.4	399064
NC_002945.4	405886
NC_002945.4	407246
NC_002945.4	412350
NC_002945.4	416457
NC_002945.4	420424
NC_002945.4	421129
NC_002945.4	424673
NC_002945.4	424759
NC_002945.4	425027
NC_002945.4	425180
NC_002945.4	427281
NC_002945.4	428407
NC_002945.4	428488
NC_002945.4	428857
NC_002945.4	428936
NC_002945.4	429593
NC_002945.4	430077
NC_002945.4	430683
NC_002945.4	430956
NC_002945.4	435619
NC_002945.4	436920
NC_002945.4	438383
NC_002945.4	438482
NC_002945.4	438543
NC_002945.4	439467
NC_002945.4	441426
NC_002945.4	441500
NC_002945.4	441696
NC_002945.4	441762
NC_002945.4	443410
NC_002945.4	443763
NC_002945.4	444635
NC_002945.4	444645
NC_002945.4	446432
NC_002945.4	446480
NC_002945.4	447385
NC_002945.4	448059
NC_002945.4	448285
NC_002945.4	449851
NC_002945.4	449922
NC_002945.4	451416
NC_002945.4	454011
NC_002945.4	455038
NC_002945.4	457260
NC_002945.4	459173
NC_002945.4	459634
NC_002945.4	459825
NC_002945.4	460722
NC_002945.4	461010
NC_002945.4	461436
NC_002945.4	462227
NC_002945.4	462836
NC_002945.4	463119
NC_002945.4	464573
NC_002945.4	467256
NC_002945.4	467343
NC_002945.4	467402
NC_002945.4	467839
NC_002945.4	468396
NC_002945.4	468438
NC_002945.4	468537
NC_002945.4	472937
NC_002945.4	473028
NC_002945.4	474508
NC_002945.4	474708
NC_002945.4	476898
NC_002945.4	477048
NC_002945.4	479644
NC_002945.4	481300
NC_002945.4	482898
NC_002945.4	483845
NC_002945.4	484436
NC_002945.4	485372
NC_002945.4	485584
NC_002945.4	487132
NC_002945.4	488779
NC_002945.4	488897
NC_002945.4	489692
NC_002945.4	490878
NC_002945.4	491404
NC_002945.4	493057
NC_002945.4	494210
NC_002945.4	494933
NC_002945.4	495046
NC_002945.4	496135
NC_002945.4	496358
NC_002945.4	498516
NC_002945.4	502209
NC_002945.4	502639
NC_002945.4	503638
NC_002945.4	507702
NC_002945.4	507929
NC_002945.4	510078
NC_002945.4	511785
NC_002945.4	512541
NC_002945.4	514941
NC_002945.4	518024
NC_002945.4	518522
NC_002945.4	519412
NC_002945.4	520685
NC_002945.4	520825
NC_002945.4	524435
NC_002945.4	524969
NC_002945.4	526047
NC_002945.4	528133
NC_002945.4	529336
NC_002945.4	531039
NC_002945.4	534870
NC_002945.4	539361
NC_002945.4	540818
NC_002945.4	540902
NC_002945.4	541571
NC_002945.4	542055
NC_002945.4	542247
NC_002945.4	542479
NC_002945.4	544180
NC_002945.4	545184
NC_002945.4	546203
NC_002945.4	547559
NC_002945.4	549889
NC_002945.4	550120
NC_002945.4	551260
NC_002945.4	551700
NC_002945.4	553802
NC_002945.4	553943
NC_002945.4	554162
NC_002945.4	555870
NC_002945.4	557120
NC_002945.4	559703
NC_002945.4	559744
NC_002945.4	560456
NC_002945.4	562538
NC_002945.4	564331
NC_002945.4	564428
NC_002945.4	566411
NC_002945.4	568014
NC_002945.4	568324
NC_002945.4	573169
NC_002945.4	573361
NC_002945.4	573577
NC_002945.4	580852
NC_002945.4	583372
NC_002945.4	583630
NC_002945.4	585764
NC_002945.4	585779
NC_002945.4	587166
NC_002945.4	589209
NC_002945.4	589523
NC_002945.4	589577
NC_002945.4	589641
NC_002945.4	590006
NC_002945.4	592584
NC_002945.4	594196
NC_002945.4	596334
NC_002945.4	596570
NC_002945.4	596681
NC_002945.4	596965
NC_002945.4	598704
NC_002945.4	599315
NC_002945.4	601490
NC_002945.4	603358
NC_002945.4	606385
NC_002945.4	609206
NC_002945.4	609401
NC_002945.4	610151
NC_002945.4	610514
NC_002945.4	610865
NC_002945.4	611077
NC_002945.4	611395
NC_002945.4	614392
NC_002945.4	615944
NC_002945.4	616130
NC_002945.4	616758
NC_002945.4	617322
NC_002945.4	617717
NC_002945.4	618523
NC_002945.4	621539
NC_002945.4	622386
NC_002945.4	623259
NC_002945.4	628084
NC_002945.4	631538
NC_002945.4	632147
NC_002945.4	632708
NC_002945.4	633828
NC_002945.4	634973
NC_002945.4	635589
NC_002945.4	639445
NC_002945.4	642875
NC_002945.4	642890
NC_002945.4	644245
NC_002945.4	649910
NC_002945.4	654178
NC_002945.4	654974
NC_002945.4	659577
NC_002945.4	659975
NC_002945.4	661247
NC_002945.4	664995
NC_002945.4	665897
NC_002945.4	669797
NC_002945.4	671073
NC_002945.4	671779
NC_002945.4	671917
NC_002945.4	673880
NC_002945.4	675310
NC_002945.4	677219
NC_002945.4	678867
NC_002945.4	678944
NC_002945.4	680125
NC_002945.4	680416
NC_002945.4	681271
NC_002945.4	683059
NC_002945.4	683603
NC_002945.4	684559
NC_002945.4	685069
NC_002945.4	686661
NC_002945.4	687258
NC_002945.4	689890
NC_002945.4	692483
NC_002945.4	692856
NC_002945.4	693572
NC_002945.4	695107
NC_002945.4	697444
NC_002945.4	697795
NC_002945.4	697885
NC_002945.4	701329
NC_002945.4	701386
NC_002945.4	702638
NC_002945.4	704786
NC_002945.4	706668
NC_002945.4	706858
NC_002945.4	706859
NC_002945.4	707321
NC_002945.4	710550
NC_002945.4	711508
NC_002945.4	712153
NC_002945.4	712319
NC_002945.4	712428
NC_002945.4	712791
NC_002945.4	713327
NC_002945.4	714628
NC_002945.4	716912
NC_002945.4	717042
NC_002945.4	719632
NC_002945.4	720262
NC_002945.4	720540
NC_002945.4	720843
NC_002945.4	721373
NC_002945.4	722454
NC_002945.4	723170
NC_002945.4	724402
NC_002945.4	726039
NC_002945.4	726578
NC_002945.4	726979
NC_002945.4	728071
NC_002945.4	729845
NC_002945.4	730305
NC_002945.4	731795
NC_002945.4	733788
NC_002945.4	735565
NC_002945.4	736034
NC_002945.4	737376
NC_002945.4	737746
NC_002945.4	738102
NC_002945.4	740605
NC_002945.4	740910
NC_002945.4	740995
NC_002945.4	742399
NC_002945.4	745507
NC_002945.4	746562
NC_002945.4	746998
NC_002945.4	747114
NC_002945.4	749689
NC_002945.4	752488
NC_002945.4	757551
NC_002945.4	758157
NC_002945.4	758731
NC_002945.4	759667
NC_002945.4	759943
NC_002945.4	760347
NC_002945.4	769004
NC_002945.4	769708
NC_002945.4	770931
NC_002945.4	773180
NC_002945.4	774665
NC_002945.4	776314
NC_002945.4	776370
NC_002945.4	777480
NC_002945.4	780569
NC_002945.4	780623
NC_002945.4	781454
NC_002945.4	786078
NC_002945.4	788162
NC_002945.4	788397
NC_002945.4	790567
NC_002945.4	792617
NC_002945.4	794813
NC_002945.4	797737
NC_002945.4	799769
NC_002945.4	800115
NC_002945.4	803222
NC_002945.4	804997
NC_002945.4	806012
NC_002945.4	806053
NC_002945.4	806474
NC_002945.4	808601
NC_002945.4	808663
NC_002945.4	811737
NC_002945.4	812214
NC_002945.4	812709
NC_002945.4	813040
NC_002945.4	816035
NC_002945.4	819983
NC_002945.4	821205
NC_002945.4	822645
NC_002945.4	826141
NC_002945.4	828003
NC_002945.4	828297
NC_002945.4	830974
NC_002945.4	831079
NC_002945.4	831510
NC_002945.4	832093
NC_002945.4	832603
NC_002945.4	833960
NC_002945.4	836836
NC_002945.4	839308
NC_002945.4	842461
NC_002945.4	843021
NC_002945.4	843684
NC_002945.4	843685
NC_002945.4	843795
NC_002945.4	843812
NC_002945.4	844301
NC_002945.4	844366
NC_002945.4	844411
NC_002945.4	845304
NC_002945.4	845432
NC_002945.4	846049
NC_002945.4	846075
NC_002945.4	846819
NC_002945.4	847753
NC_002945.4	848039
NC_002945.4	848226
NC_002945.4	848474
NC_002945.4	849964
NC_002945.4	850656
NC_002945.4	851862
NC_002945.4	852709
NC_002945.4	853173
NC_002945.4	854043
NC_002945.4	855278
NC_002945.4	857698
NC_002945.4	858035
NC_002945.4	858725
NC_002945.4	859669
NC_002945.4	860720
NC_002945.4	860760
NC_002945.4	863847
NC_002945.4	863987
NC_002945.4	864764
NC_002945.4	865560
NC_002945.4	865821
NC_002945.4	866123
NC_002945.4	867762
NC_002945.4	867855
NC_002945.4	869122
NC_002945.4	869763
NC_002945.4	870116
NC_002945.4	870460
NC_002945.4	870840
NC_002945.4	874213
NC_002945.4	876220
NC_002945.4	876981
NC_002945.4	877591
NC_002945.4	877897
NC_002945.4	878124
NC_002945.4	878732
NC_002945.4	879189
NC_002945.4	879285
NC_002945.4	881654
NC_002945.4	883367
NC_002945.4	885176
NC_002945.4	888240
NC_002945.4	888356
NC_002945.4	888485
NC_002945.4	889220
NC_002945.4	889854
NC_002945.4	890033
NC_002945.4	890788
NC_002945.4	894353
NC_002945.4	894716
NC_002945.4	896310
NC_002945.4	898074
NC_002945.4	898660
NC_002945.4	899053
NC_002945.4	899187
NC_002945.4	899322
NC_002945.4	902676
NC_002945.4	903385
NC_002945.4	904334
NC_002945.4	904638
NC_002945.4	905292
NC_002945.4	905912
NC_002945.4	906598
NC_002945.4	908241
NC_002945.4	909041
NC_002945.4	910416
NC_002945.4	910832
NC_002945.4	912776
NC_002945.4	913800
NC_002945.4	914588
NC_002945.4	915686
NC_002945.4	915713
NC_002945.4	916828
NC_002945.4	917340
NC_002945.4	917489
NC_002945.4	919141
NC_002945.4	920749
NC_002945.4	920753
NC_002945.4	922643
NC_002945.4	922659
NC_002945.4	922685
NC_002945.4	922690
NC_002945.4	922691
NC_002945.4	923887
NC_002945.4	923979
NC_002945.4	925130
NC_002945.4	925374
NC_002945.4	927134
NC_002945.4	927444
NC_002945.4	928086
NC_002945.4	928734
NC_002945.4	928976
NC_002945.4	929147
NC_002945.4	929714
NC_002945.4	929945
NC_002945.4	930819
NC_002945.4	931845
NC_002945.4	934982
NC_002945.4	940714
NC_002945.4	941068
NC_002945.4	941320
NC_002945.4	941645
NC_002945.4	942846
NC_002945.4	943060
NC_002945.4	943340
NC_002945.4	943719
NC_002945.4	946030
NC_002945.4	946102
NC_002945.4	948022
NC_002945.4	948234
NC_002945.4	948974
NC_002945.4	949268
NC_002945.4	952012
NC_002945.4	953528
NC_002945.4	953861
NC_002945.4	956210
NC_002945.4	956257
NC_002945.4	956580
NC_002945.4	957478
NC_002945.4	958012
NC_002945.4	960098
NC_002945.4	960143
NC_002945.4	960220
NC_002945.4	961339
NC_002945.4	962893
NC_002945.4	963182
NC_002945.4	966097
NC_002945.4	966864
NC_002945.4	967989
NC_002945.4	970394
NC_002945.4	971384
NC_002945.4	973194
NC_002945.4	973459
NC_002945.4	974539
NC_002945.4	974578
NC_002945.4	974604
NC_002945.4	975829
NC_002945.4	976327
NC_002945.4	979521
NC_002945.4	979726
NC_002945.4	980523
NC_002945.4	981136
NC_002945.4	982007
NC_002945.4	982453
NC_002945.4	982805
NC_002945.4	982929
NC_002945.4	982954
NC_002945.4	986236
NC_002945.4	988040
NC_002945.4	988967
NC_002945.4	989680
NC_002945.4	990384
NC_002945.4	990499
NC_002945.4	990584
NC_002945.4	990611
NC_002945.4	990751
NC_002945.4	991087
NC_002945.4	993811
NC_002945.4	998183
NC_002945.4	998196
NC_002945.4	998258
NC_002945.4	999749
NC_002945.4	1004229
NC_002945.4	1004872
NC_002945.4	1007340
NC_002945.4	1007431
NC_002945.4	1008925
NC_002945.4	1009407
NC_002945.4	1010182
NC_002945.4	1011453
NC_002945.4	1012698
NC_002945.4	1012805
NC_002945.4	1014399
NC_002945.4	1015265
NC_002945.4	1016752
NC_002945.4	1017367
NC_002945.4	1018313
NC_002945.4	1018494
NC_002945.4	1018538
NC_002945.4	1018825
NC_002945.4	1021368
NC_002945.4	1021422
NC_002945.4	1022556
NC_002945.4	1023693
NC_002945.4	1027700
NC_002945.4	1027911
NC_002945.4	1028444
NC_002945.4	1028875
NC_002945.4	1028903
NC_002945.4	1029409
NC_002945.4	1030274
NC_002945.4	1031170
NC_002945.4	1031791
NC_002945.4	1035154
NC_002945.4	1035543
NC_002945.4	1036102
NC_002945.4	1037401
NC_002945.4	1039321
NC_002945.4	1043168
NC_002945.4	1046094
NC_002945.4	1046647
NC_002945.4	1048294
NC_002945.4	1048673
NC_002945.4	1052100
NC_002945.4	1053067
NC_002945.4	1053747
NC_002945.4	1053775
NC_002945.4	1056695
NC_002945.4	1057627
NC_002945.4	1058250
NC_002945.4	1058364
NC_002945.4	1058685
NC_002945.4	1059766
NC_002945.4	1062346
NC_002945.4	1062634
NC_002945.4	1062809
NC_002945.4	1064077
NC_002945.4	1065587
NC_002945.4	1068548
NC_002945.4	1070170
NC_002945.4	1070224
NC_002945.4	1072004
NC_002945.4	1074540
NC_002945.4	1077384
NC_002945.4	1077520
NC_002945.4	1078676
NC_002945.4	1078855
NC_002945.4	1079199
NC_002945.4	1079548
NC_002945.4	1082850
NC_002945.4	1086298
NC_002945.4	1087297
NC_002945.4	1090789
NC_002945.4	1091010
NC_002945.4	1094664
NC_002945.4	1094951
NC_002945.4	1095023
NC_002945.4	1095398
NC_002945.4	1096802
NC_002945.4	1097046
NC_002945.4	1100393
NC_002945.4	1100834
NC_002945.4	1101854
NC_002945.4	1103454
NC_002945.4	1104019
NC_002945.4	1104291
NC_002945.4	1104301
NC_002945.4	1105976
NC_002945.4	1106824
NC_002945.4	1107399
NC_002945.4	1109322
NC_002945.4	1110223
NC_002945.4	1112292
NC_002945.4	1113137
NC_002945.4	1114659
NC_002945.4	1116019
NC_002945.4	1118793
NC_002945.4	1118966
NC_002945.4	1120336
NC_002945.4	1121396
NC_002945.4	1121592
NC_002945.4	1122198
NC_002945.4	1122279
NC_002945.4	1124266
NC_002945.4	1124641
NC_002945.4	1127120
NC_002945.4	1127862
NC_002945.4	1128414
NC_002945.4	1128623
NC_002945.4	1129304
NC_002945.4	1129392
NC_002945.4	1129639
NC_002945.4	1130514
NC_002945.4	1131114
NC_002945.4	1131977
NC_002945.4	1132084
NC_002945.4	1135005
NC_002945.4	1136210
NC_002945.4	1136674
NC_002945.4	1136797
NC_002945.4	1137800
NC_002945.4	1138057
NC_002945.4	1138107
NC_002945.4	1139489
NC_002945.4	1141124
NC_002945.4	1141321
NC_002945.4	1141751
NC_002945.4	1144195
NC_002945.4	1145718
NC_002945.4	1146003
NC_002945.4	1146124
NC_002945.4	1146766
NC_002945.4	1148017
NC_002945.4	1149603
NC_002945.4	1151775
NC_002945.4	1152181
NC_002945.4	1153030
NC_002945.4	1153876
NC_002945.4	1158610
NC_002945.4	1159349
NC_002945.4	1159540
NC_002945.4	1160992
NC_002945.4	1161621
NC_002945.4	1161765
NC_002945.4	1164057
NC_002945.4	1165036
NC_002945.4	1166496
NC_002945.4	1166860
NC_002945.4	1166988
NC_002945.4	1167032
NC_002945.4	1168458
NC_002945.4	1168866
NC_002945.4	1168991
NC_002945.4	1169268
NC_002945.4	1171325
NC_002945.4	1172558
NC_002945.4	1175327
NC_002945.4	1176341
NC_002945.4	1176820
NC_002945.4	1181272
NC_002945.4	1182857
NC_002945.4	1186381
NC_002945.4	1187703
NC_002945.4	1188319
NC_002945.4	1188833
NC_002945.4	1191092
NC_002945.4	1192261
NC_002945.4	1193255
NC_002945.4	1193731
NC_002945.4	1195277
NC_002945.4	1198036
NC_002945.4	1199104
NC_002945.4	1199397
NC_002945.4	1199529
NC_002945.4	1199530
NC_002945.4	1199664
NC_002945.4	1199951
NC_002945.4	1202030
NC_002945.4	1204622
NC_002945.4	1205430
NC_002945.4	1206143
NC_002945.4	1206896
NC_002945.4	1207329
NC_002945.4	1208435
NC_002945.4	1210114
NC_002945.4	1210532
NC_002945.4	1211567
NC_002945.4	1214540
NC_002945.4	1215033
NC_002945.4	1216545
NC_002945.4	1216799
NC_002945.4	1217481
NC_002945.4	1217581
NC_002945.4	1219085
NC_002945.4	1219086
NC_002945.4	1219087
NC_002945.4	1219088
NC_002945.4	1219091
NC_002945.4	1219094
NC_002945.4	1219939
NC_002945.4	1220256
NC_002945.4	1222493
NC_002945.4	1222581
NC_002945.4	1224899
NC_002945.4	1226659
NC_002945.4	1226692
NC_002945.4	1227581
NC_002945.4	1228970
NC_002945.4	1229650
NC_002945.4	1230685
NC_002945.4	1230875
NC_002945.4	1231901
NC_002945.4	1233032
NC_002945.4	1235213
NC_002945.4	1235287
NC_002945.4	1235671
NC_002945.4	1235965
NC_002945.4	1236056
NC_002945.4	1236725
NC_002945.4	1238190
NC_002945.4	1238432
NC_002945.4	1242515
NC_002945.4	1242906
NC_002945.4	1243547
NC_002945.4	1244746
NC_002945.4	1245639
NC_002945.4	1246713
NC_002945.4	1246870
NC_002945.4	1247250
NC_002945.4	1249181
NC_002945.4	1249829
NC_002945.4	1251032
NC_002945.4	1251343
NC_002945.4	1252861
NC_002945.4	1252874
NC_002945.4	1253129
NC_002945.4	1254129
NC_002945.4	1254301
NC_002945.4	1254500
NC_002945.4	1255054
NC_002945.4	1255939
NC_002945.4	1255975
NC_002945.4	1255981
NC_002945.4	1259117
NC_002945.4	1259250
NC_002945.4	1259313
NC_002945.4	1261033
NC_002945.4	1261141
NC_002945.4	1261533
NC_002945.4	1266337
NC_002945.4	1267830
NC_002945.4	1270965
NC_002945.4	1271095
NC_002945.4	1273035
NC_002945.4	1276699
NC_002945.4	1277285
NC_002945.4	1277367
NC_002945.4	1279130
NC_002945.4	1279131
NC_002945.4	1279137
NC_002945.4	1279138
NC_002945.4	1280592
NC_002945.4	1280875
NC_002945.4	1282252
NC_002945.4	1282564
NC_002945.4	1284431
NC_002945.4	1284949
NC_002945.4	1285158
NC_002945.4	1285462
NC_002945.4	1286003
NC_002945.4	1287999
NC_002945.4	1289319
NC_002945.4	1290444
NC_002945.4	1292557
NC_002945.4	1295404
NC_002945.4	1295457
NC_002945.4	1295549
NC_002945.4	1295798
NC_002945.4	1296140
NC_002945.4	1296864
NC_002945.4	1296932
NC_002945.4	1297349
NC_002945.4	1301121
NC_002945.4	1301539
NC_002945.4	1302224
NC_002945.4	1305723
NC_002945.4	1305821
NC_002945.4	1307511
NC_002945.4	1307972
NC_002945.4	1308219
NC_002945.4	1308340
NC_002945.4	1314197
NC_002945.4	1315189
NC_002945.4	1315340
NC_002945.4	1317575
NC_002945.4	1324917
NC_002945.4	1325438
NC_002945.4	1330200
NC_002945.4	1331627
NC_002945.4	1334483
NC_002945.4	1334881
NC_002945.4	1335092
NC_002945.4	1336148
NC_002945.4	1339704
NC_002945.4	1339798
NC_002945.4	1340109
NC_002945.4	1341613
NC_002945.4	1341932
NC_002945.4	1344486
NC_002945.4	1344967
NC_002945.4	1345281
NC_002945.4	1345854
NC_002945.4	1346016
NC_002945.4	1348859
NC_002945.4	1350714
NC_002945.4	1352895
NC_002945.4	1353528
NC_002945.4	1357030
NC_002945.4	1359692
NC_002945.4	1360155
NC_002945.4	1360608
NC_002945.4	1366147
NC_002945.4	1367962
NC_002945.4	1368990
NC_002945.4	1370260
NC_002945.4	1371141
NC_002945.4	1372878
NC_002945.4	1373765
NC_002945.4	1373863
NC_002945.4	1374231
NC_002945.4	1377103
NC_002945.4	1377730
NC_002945.4	1377896
NC_002945.4	1377963
NC_002945.4	1378267
NC_002945.4	1379936
NC_002945.4	1383731
NC_002945.4	1386137
NC_002945.4	1386246
NC_002945.4	1388194
NC_002945.4	1389997
NC_002945.4	1392738
NC_002945.4	1393134
NC_002945.4	1393585
NC_002945.4	1396207
NC_002945.4	1397868
NC_002945.4	1399921
NC_002945.4	1400115
NC_002945.4	1400139
NC_002945.4	1402788
NC_002945.4	1404126
NC_002945.4	1404346
NC_002945.4	1404373
NC_002945.4	1405786
NC_002945.4	1406591
NC_002945.4	1407823
NC_002945.4	1407929
NC_002945.4	1408743
NC_002945.4	1409930
NC_002945.4	1410205
NC_002945.4	1410647
NC_002945.4	1410767
NC_002945.4	1411309
NC_002945.4	1412824
NC_002945.4	1412828
NC_002945.4	1412885
NC_002945.4	1412893
NC_002945.4	1419013
NC_002945.4	1419916
NC_002945.4	1421129
NC_002945.4	1421904
NC_002945.4	1423712
NC_002945.4	1430053
NC_002945.4	1430765
NC_002945.4	1433347
NC_002945.4	1434473
NC_002945.4	1435609
NC_002945.4	1436343
NC_002945.4	1436376
NC_002945.4	1437386
NC_002945.4	1438917
NC_002945.4	1439115
NC_002945.4	1439342
NC_002945.4	1439993
NC_002945.4	1440500
NC_002945.4	1441767
NC_002945.4	1442194
NC_002945.4	1442259
NC_002945.4	1442493
NC_002945.4	1442722
NC_002945.4	1443962
NC_002945.4	1445672
NC_002945.4	1445675
NC_002945.4	1448462
NC_002945.4	1450550
NC_002945.4	1450605
NC_002945.4	1453250
NC_002945.4	1454259
NC_002945.4	1454373
NC_002945.4	1454562
NC_002945.4	1460079
NC_002945.4	1460208
NC_002945.4	1462034
NC_002945.4	1462067
NC_002945.4	1463462
NC_002945.4	1463631
NC_002945.4	1464072
NC_002945.4	1464225
NC_002945.4	1464678
NC_002945.4	1465069
NC_002945.4	1466832
NC_002945.4	1467906
NC_002945.4	1468199
NC_002945.4	1468633
NC_002945.4	1470606
NC_002945.4	1472088
NC_002945.4	1472089
NC_002945.4	1472125
NC_002945.4	1474380
NC_002945.4	1475539
NC_002945.4	1476457
NC_002945.4	1476674
NC_002945.4	1476912
NC_002945.4	1477197
NC_002945.4	1478195
NC_002945.4	1478887
NC_002945.4	1479827
NC_002945.4	1479947
NC_002945.4	1480756
NC_002945.4	1481210
NC_002945.4	1481254
NC_002945.4	1481327
NC_002945.4	1482286
NC_002945.4	1484674
NC_002945.4	1484942
NC_002945.4	1488272
NC_002945.4	1492328
NC_002945.4	1493908
NC_002945.4	1494369
NC_002945.4	1495049
NC_002945.4	1498117
NC_002945.4	1498556
NC_002945.4	1498602
NC_002945.4	1498639
NC_002945.4	1498733
NC_002945.4	1499424
NC_002945.4	1499768
NC_002945.4	1500469
NC_002945.4	1501652
NC_002945.4	1501735
NC_002945.4	1501776
NC_002945.4	1501932
NC_002945.4	1504101
NC_002945.4	1506388
NC_002945.4	1506714
NC_002945.4	1506733
NC_002945.4	1507681
NC_002945.4	1508412
NC_002945.4	1509123
NC_002945.4	1509487
NC_002945.4	1511433
NC_002945.4	1512405
NC_002945.4	1513628
NC_002945.4	1515630
NC_002945.4	1516613
NC_002945.4	1517690
NC_002945.4	1517866
NC_002945.4	1521454
NC_002945.4	1524526
NC_002945.4	1525672
NC_002945.4	1526273
NC_002945.4	1527276
NC_002945.4	1529147
NC_002945.4	1529755
NC_002945.4	1530380
NC_002945.4	1532189
NC_002945.4	1532458
NC_002945.4	1533175
NC_002945.4	1534285
NC_002945.4	1534305
NC_002945.4	1535271
NC_002945.4	1535299
NC_002945.4	1535303
NC_002945.4	1536069
NC_002945.4	1536267
NC_002945.4	1537195
NC_002945.4	1537373
NC_002945.4	1538456
NC_002945.4	1538553
NC_002945.4	1539383
NC_002945.4	1539806
NC_002945.4	1541952
NC_002945.4	1542832
NC_002945.4	1544749
NC_002945.4	1545176
NC_002945.4	1546731
NC_002945.4	1547426
NC_002945.4	1548516
NC_002945.4	1550135
NC_002945.4	1552327
NC_002945.4	1553543
NC_002945.4	1553718
NC_002945.4	1555271
NC_002945.4	1557259
NC_002945.4	1557738
NC_002945.4	1561970
NC_002945.4	1563137
NC_002945.4	1564528
NC_002945.4	1566016
NC_002945.4	1566202
NC_002945.4	1567809
NC_002945.4	1568090
NC_002945.4	1572579
NC_002945.4	1574183
NC_002945.4	1574684
NC_002945.4	1574691
NC_002945.4	1578055
NC_002945.4	1578439
NC_002945.4	1579207
NC_002945.4	1579407
NC_002945.4	1580011
NC_002945.4	1582413
NC_002945.4	1582905
NC_002945.4	1584087
NC_002945.4	1584881
NC_002945.4	1586214
NC_002945.4	1586290
NC_002945.4	1587876
NC_002945.4	1589240
NC_002945.4	1590027
NC_002945.4	1590392
NC_002945.4	1590393
NC_002945.4	1591064
NC_002945.4	1591511
NC_002945.4	1592260
NC_002945.4	1593550
NC_002945.4	1596392
NC_002945.4	1597464
NC_002945.4	1597847
NC_002945.4	1597853
NC_002945.4	1598691
NC_002945.4	1598692
NC_002945.4	1598767
NC_002945.4	1598784
NC_002945.4	1598809
NC_002945.4	1598824
NC_002945.4	1599060
NC_002945.4	1599075
NC_002945.4	1599085
NC_002945.4	1599127
NC_002945.4	1599190
NC_002945.4	1599213
NC_002945.4	1599388
NC_002945.4	1599405
NC_002945.4	1599498
NC_002945.4	1599544
NC_002945.4	1600278
NC_002945.4	1600443
NC_002945.4	1601835
NC_002945.4	1603946
NC_002945.4	1603975
NC_002945.4	1604277
NC_002945.4	1606162
NC_002945.4	1608938
NC_002945.4	1609972
NC_002945.4	1610248
NC_002945.4	1610481
NC_002945.4	1612165
NC_002945.4	1612894
NC_002945.4	1613385
NC_002945.4	1614930
NC_002945.4	1617908
NC_002945.4	1619153
NC_002945.4	1619361
NC_002945.4	1619782
NC_002945.4	1622210
NC_002945.4	1623139
NC_002945.4	1623307
NC_002945.4	1625561
NC_002945.4	1627293
NC_002945.4	1627304
NC_002945.4	1628068
NC_002945.4	1628681
NC_002945.4	1629342
NC_002945.4	1630907
NC_002945.4	1632327
NC_002945.4	1632701
NC_002945.4	1632869
NC_002945.4	1633931
NC_002945.4	1633974
NC_002945.4	1633991
NC_002945.4	1634007
NC_002945.4	1636907
NC_002945.4	1637867
NC_002945.4	1637870
NC_002945.4	1639867
NC_002945.4	1649389
NC_002945.4	1650955
NC_002945.4	1651292
NC_002945.4	1653866
NC_002945.4	1654249
NC_002945.4	1655102
NC_002945.4	1655427
NC_002945.4	1655820
NC_002945.4	1658079
NC_002945.4	1659174
NC_002945.4	1660135
NC_002945.4	1661807
NC_002945.4	1661808
NC_002945.4	1662041
NC_002945.4	1663552
NC_002945.4	1663713
NC_002945.4	1669780
NC_002945.4	1672147
NC_002945.4	1672484
NC_002945.4	1672813
NC_002945.4	1673544
NC_002945.4	1674138
NC_002945.4	1674870
NC_002945.4	1677471
NC_002945.4	1680466
NC_002945.4	1682272
NC_002945.4	1682293
NC_002945.4	1684487
NC_002945.4	1688201
NC_002945.4	1690441
NC_002945.4	1692759
NC_002945.4	1693209
NC_002945.4	1694467
NC_002945.4	1694549
NC_002945.4	1694565
NC_002945.4	1695454
NC_002945.4	1696492
NC_002945.4	1697222
NC_002945.4	1699366
NC_002945.4	1700755
NC_002945.4	1700841
NC_002945.4	1701347
NC_002945.4	1701507
NC_002945.4	1704375
NC_002945.4	1705425
NC_002945.4	1705690
NC_002945.4	1706125
NC_002945.4	1706959
NC_002945.4	1707014
NC_002945.4	1707544
NC_002945.4	1708087
NC_002945.4	1708235
NC_002945.4	1710236
NC_002945.4	1712372
NC_002945.4	1712410
NC_002945.4	1712517
NC_002945.4	1714027
NC_002945.4	1714100
NC_002945.4	1717065
NC_002945.4	1717086
NC_002945.4	1718647
NC_002945.4	1718648
NC_002945.4	1718859
NC_002945.4	1720109
NC_002945.4	1720220
NC_002945.4	1727067
NC_002945.4	1727238
NC_002945.4	1727716
NC_002945.4	1727744
NC_002945.4	1728472
NC_002945.4	1728856
NC_002945.4	1730935
NC_002945.4	1731989
NC_002945.4	1732278
NC_002945.4	1738216
NC_002945.4	1738860
NC_002945.4	1739962
NC_002945.4	1740606
NC_002945.4	1741553
NC_002945.4	1741729
NC_002945.4	1741984
NC_002945.4	1742619
NC_002945.4	1746821
NC_002945.4	1748050
NC_002945.4	1749285
NC_002945.4	1753391
NC_002945.4	1753718
NC_002945.4	1753740
NC_002945.4	1756422
NC_002945.4	1756456
NC_002945.4	1757760
NC_002945.4	1758262
NC_002945.4	1759430
NC_002945.4	1760576
NC_002945.4	1761826
NC_002945.4	1762390
NC_002945.4	1762461
NC_002945.4	1763787
NC_002945.4	1763856
NC_002945.4	1764494
NC_002945.4	1767527
NC_002945.4	1768781
NC_002945.4	1769266
NC_002945.4	1771565
NC_002945.4	1773825
NC_002945.4	1776619
NC_002945.4	1778307
NC_002945.4	1778402
NC_002945.4	1778405
NC_002945.4	1779765
NC_002945.4	1780916
NC_002945.4	1781547
NC_002945.4	1782301
NC_002945.4	1783288
NC_002945.4	1790149
NC_002945.4	1790296
NC_002945.4	1794090
NC_002945.4	1794165
NC_002945.4	1795026
NC_002945.4	1796586
NC_002945.4	1799307
NC_002945.4	1801181
NC_002945.4	1802877
NC_002945.4	1803035
NC_002945.4	1803269
NC_002945.4	1804613
NC_002945.4	1805282
NC_002945.4	1813159
NC_002945.4	1815112
NC_002945.4	1815598
NC_002945.4	1817260
NC_002945.4	1817291
NC_002945.4	1819023
NC_002945.4	1819654
NC_002945.4	1820070
NC_002945.4	1820118
NC_002945.4	1821707
NC_002945.4	1822201
NC_002945.4	1823941
NC_002945.4	1824570
NC_002945.4	1825182
NC_002945.4	1825612
NC_002945.4	1826632
NC_002945.4	1826745
NC_002945.4	1827143
NC_002945.4	1827968
NC_002945.4	1828312
NC_002945.4	1830479
NC_002945.4	1830529
NC_002945.4	1830720
NC_002945.4	1833330
NC_002945.4	1834516
NC_002945.4	1835016
NC_002945.4	1837284
NC_002945.4	1842580
NC_002945.4	1845355
NC_002945.4	1847522
NC_002945.4	1847702
NC_002945.4	1858826
NC_002945.4	1860416
NC_002945.4	1860417
NC_002945.4	1861316
NC_002945.4	1862406
NC_002945.4	1862970
NC_002945.4	1863248
NC_002945.4	1864406
NC_002945.4	1868029
NC_002945.4	1869016
NC_002945.4	1869928
NC_002945.4	1870691
NC_002945.4	1871114
NC_002945.4	1871730
NC_002945.4	1872480
NC_002945.4	1873856
NC_002945.4	1873921
NC_002945.4	1875904
NC_002945.4	1877705
NC_002945.4	1878122
NC_002945.4	1878223
NC_002945.4	1879461
NC_002945.4	1879996
NC_002945.4	1880326
NC_002945.4	1880430
NC_002945.4	1880869
NC_002945.4	1881837
NC_002945.4	1881862
NC_002945.4	1883228
NC_002945.4	1883878
NC_002945.4	1886687
NC_002945.4	1886704
NC_002945.4	1887246
NC_002945.4	1890746
NC_002945.4	1894922
NC_002945.4	1895612
NC_002945.4	1898135
NC_002945.4	1898497
NC_002945.4	1900999
NC_002945.4	1906574
NC_002945.4	1910593
NC_002945.4	1913190
NC_002945.4	1913493
NC_002945.4	1914446
NC_002945.4	1914776
NC_002945.4	1915198
NC_002945.4	1915461
NC_002945.4	1915936
NC_002945.4	1916381
NC_002945.4	1917943
NC_002945.4	1918520
NC_002945.4	1918561
NC_002945.4	1920100
NC_002945.4	1922008
NC_002945.4	1922926
NC_002945.4	1922937
NC_002945.4	1924444
NC_002945.4	1924694
NC_002945.4	1928632
NC_002945.4	1928859
NC_002945.4	1931177
NC_002945.4	1931536
NC_002945.4	1932972
NC_002945.4	1934707
NC_002945.4	1934828
NC_002945.4	1935977
NC_002945.4	1936526
NC_002945.4	1936917
NC_002945.4	1937113
NC_002945.4	1937394
NC_002945.4	1937700
NC_002945.4	1938071
NC_002945.4	1938830
NC_002945.4	1940731
NC_002945.4	1941781
NC_002945.4	1941917
NC_002945.4	1942876
NC_002945.4	1943477
NC_002945.4	1945401
NC_002945.4	1946694
NC_002945.4	1947152
NC_002945.4	1947231
NC_002945.4	1947865
NC_002945.4	1948729
NC_002945.4	1949441
NC_002945.4	1950028
NC_002945.4	1950042
NC_002945.4	1950469
NC_002945.4	1950588
NC_002945.4	1954048
NC_002945.4	1955441
NC_002945.4	1956722
NC_002945.4	1957978
NC_002945.4	1958977
NC_002945.4	1960308
NC_002945.4	1960836
NC_002945.4	1961268
NC_002945.4	1961504
NC_002945.4	1961656
NC_002945.4	1963029
NC_002945.4	1965335
NC_002945.4	1969776
NC_002945.4	1970447
NC_002945.4	1974645
NC_002945.4	1974665
NC_002945.4	1976536
NC_002945.4	1977048
NC_002945.4	1977717
NC_002945.4	1979142
NC_002945.4	1981324
NC_002945.4	1982720
NC_002945.4	1983524
NC_002945.4	1983550
NC_002945.4	1984992
NC_002945.4	1986039
NC_002945.4	1987122
NC_002945.4	1988995
NC_002945.4	1990263
NC_002945.4	1993765
NC_002945.4	1995327
NC_002945.4	1995478
NC_002945.4	1995482
NC_002945.4	1996036
NC_002945.4	1996251
NC_002945.4	1996771
NC_002945.4	1996902
NC_002945.4	1997951
NC_002945.4	1998513
NC_002945.4	1998809
NC_002945.4	1998924
NC_002945.4	2001565
NC_002945.4	2002061
NC_002945.4	2002219
NC_002945.4	2004356
NC_002945.4	2004833
NC_002945.4	2005165
NC_002945.4	2006891
NC_002945.4	2007043
NC_002945.4	2007303
NC_002945.4	2010421
NC_002945.4	2011672
NC_002945.4	2012183
NC_002945.4	2015390
NC_002945.4	2016479
NC_002945.4	2017276
NC_002945.4	2019799
NC_002945.4	2020053
NC_002945.4	2021640
NC_002945.4	2023856
NC_002945.4	2024053
NC_002945.4	2024300
NC_002945.4	2024890
NC_002945.4	2025176
NC_002945.4	2026718
NC_002945.4	2027232
NC_002945.4	2027869
NC_002945.4	2028314
NC_002945.4	2029769
NC_002945.4	2030550
NC_002945.4	2030814
NC_002945.4	2031692
NC_002945.4	2032264
NC_002945.4	2032727
NC_002945.4	2033831
NC_002945.4	2033987
NC_002945.4	2035774
NC_002945.4	2036697
NC_002945.4	2036978
NC_002945.4	2038100
NC_002945.4	2038424
NC_002945.4	2038610
NC_002945.4	2038713
NC_002945.4	2039619
NC_002945.4	2040224
NC_002945.4	2042531
NC_002945.4	2045502
NC_002945.4	2045759
NC_002945.4	2046882
NC_002945.4	2047125
NC_002945.4	2048042
NC_002945.4	2048129
NC_002945.4	2048373
NC_002945.4	2049119
NC_002945.4	2049171
NC_002945.4	2049930
NC_002945.4	2050664
NC_002945.4	2052508
NC_002945.4	2053146
NC_002945.4	2056039
NC_002945.4	2057447
NC_002945.4	2057553
NC_002945.4	2058030
NC_002945.4	2058930
NC_002945.4	2059203
NC_002945.4	2059249
NC_002945.4	2059920
NC_002945.4	2060980
NC_002945.4	2063071
NC_002945.4	2069092
NC_002945.4	2069681
NC_002945.4	2069813
NC_002945.4	2069900
NC_002945.4	2070539
NC_002945.4	2071624
NC_002945.4	2073079
NC_002945.4	2074121
NC_002945.4	2075152
NC_002945.4	2075405
NC_002945.4	2075467
NC_002945.4	2077181
NC_002945.4	2077532
NC_002945.4	2078350
NC_002945.4	2078648
NC_002945.4	2078989
NC_002945.4	2079815
NC_002945.4	2079947
NC_002945.4	2082346
NC_002945.4	2082521
NC_002945.4	2082970
NC_002945.4	2083175
NC_002945.4	2083250
NC_002945.4	2083276
NC_002945.4	2083530
NC_002945.4	2083846
NC_002945.4	2086247
NC_002945.4	2086704
NC_002945.4	2086948
NC_002945.4	2087367
NC_002945.4	2088508
NC_002945.4	2088680
NC_002945.4	2089475
NC_002945.4	2089724
NC_002945.4	2090036
NC_002945.4	2090116
NC_002945.4	2094949
NC_002945.4	2096733
NC_002945.4	2096812
NC_002945.4	2097677
NC_002945.4	2098888
NC_002945.4	2099043
NC_002945.4	2101692
NC_002945.4	2101818
NC_002945.4	2104092
NC_002945.4	2104363
NC_002945.4	2108042
NC_002945.4	2108598
NC_002945.4	2108751
NC_002945.4	2112739
NC_002945.4	2113649
NC_002945.4	2115191
NC_002945.4	2115396
NC_002945.4	2115473
NC_002945.4	2115684
NC_002945.4	2117764
NC_002945.4	2118096
NC_002945.4	2118782
NC_002945.4	2119911
NC_002945.4	2120741
NC_002945.4	2121085
NC_002945.4	2121774
NC_002945.4	2122420
NC_002945.4	2123464
NC_002945.4	2124450
NC_002945.4	2126511
NC_002945.4	2127380
NC_002945.4	2130661
NC_002945.4	2131380
NC_002945.4	2131718
NC_002945.4	2131902
NC_002945.4	2132101
NC_002945.4	2133682
NC_002945.4	2134170
NC_002945.4	2137049
NC_002945.4	2137120
NC_002945.4	2138156
NC_002945.4	2139227
NC_002945.4	2139282
NC_002945.4	2143227
NC_002945.4	2143879
NC_002945.4	2144099
NC_002945.4	2145628
NC_002945.4	2145868
NC_002945.4	2148551
NC_002945.4	2149746
NC_002945.4	2150334
NC_002945.4	2150746
NC_002945.4	2151612
NC_002945.4	2157205
NC_002945.4	2157613
NC_002945.4	2158079
NC_002945.4	2162109
NC_002945.4	2162985
NC_002945.4	2163416
NC_002945.4	2163576
NC_002945.4	2163990
NC_002945.4	2164055
NC_002945.4	2165385
NC_002945.4	2166235
NC_002945.4	2167960
NC_002945.4	2168096
NC_002945.4	2169974
NC_002945.4	2171702
NC_002945.4	2171758
NC_002945.4	2175787
NC_002945.4	2176324
NC_002945.4	2177087
NC_002945.4	2178606
NC_002945.4	2179161
NC_002945.4	2180114
NC_002945.4	2184687
NC_002945.4	2185552
NC_002945.4	2185631
NC_002945.4	2186530
NC_002945.4	2188204
NC_002945.4	2188317
NC_002945.4	2188670
NC_002945.4	2191307
NC_002945.4	2191424
NC_002945.4	2191975
NC_002945.4	2192851
NC_002945.4	2192854
NC_002945.4	2192855
NC_002945.4	2193008
NC_002945.4	2193013
NC_002945.4	2193014
NC_002945.4	2193713
NC_002945.4	2193778
NC_002945.4	2194081
NC_002945.4	2194207
NC_002945.4	2194506
NC_002945.4	2195019
NC_002945.4	2195151
NC_002945.4	2197242
NC_002945.4	2197340
NC_002945.4	2198736
NC_002945.4	2199298
NC_002945.4	2199621
NC_002945.4	2200108
NC_002945.4	2203754
NC_002945.4	2204661
NC_002945.4	2207089
NC_002945.4	2208609
NC_002945.4	2210261
NC_002945.4	2210885
NC_002945.4	2212234
NC_002945.4	2212439
NC_002945.4	2212706
NC_002945.4	2212819
NC_002945.4	2213303
NC_002945.4	2215255
NC_002945.4	2217273
NC_002945.4	2219497
NC_002945.4	2219708
NC_002945.4	2221934
NC_002945.4	2222708
NC_002945.4	2223599
NC_002945.4	2224647
NC_002945.4	2226512
NC_002945.4	2227114
NC_002945.4	2227368
NC_002945.4	2228190
NC_002945.4	2229524
NC_002945.4	2232559
NC_002945.4	2232924
NC_002945.4	2235565
NC_002945.4	2236441
NC_002945.4	2236815
NC_002945.4	2238343
NC_002945.4	2239061
NC_002945.4	2241098
NC_002945.4	2241366
NC_002945.4	2244454
NC_002945.4	2246961
NC_002945.4	2246992
NC_002945.4	2247133
NC_002945.4	2249389
NC_002945.4	2249617
NC_002945.4	2249716
NC_002945.4	2250237
NC_002945.4	2253129
NC_002945.4	2256343
NC_002945.4	2256653
NC_002945.4	2257546
NC_002945.4	2257961
NC_002945.4	2259731
NC_002945.4	2261766
NC_002945.4	2262952
NC_002945.4	2264669
NC_002945.4	2264904
NC_002945.4	2267557
NC_002945.4	2268772
NC_002945.4	2268821
NC_002945.4	2270908
NC_002945.4	2272042
NC_002945.4	2272926
NC_002945.4	2274711
NC_002945.4	2275119
NC_002945.4	2275242
NC_002945.4	2275806
NC_002945.4	2276383
NC_002945.4	2276454
NC_002945.4	2276643
NC_002945.4	2276672
NC_002945.4	2277397
NC_002945.4	2277864
NC_002945.4	2279641
NC_002945.4	2279659
NC_002945.4	2281342
NC_002945.4	2281705
NC_002945.4	2283200
NC_002945.4	2283218
NC_002945.4	2283220
NC_002945.4	2283227
NC_002945.4	2283235
NC_002945.4	2283236
NC_002945.4	2283350
NC_002945.4	2283353
NC_002945.4	2283355
NC_002945.4	2283362
NC_002945.4	2283510
NC_002945.4	2283511
NC_002945.4	2283514
NC_002945.4	2286290
NC_002945.4	2286517
NC_002945.4	2286721
NC_002945.4	2289168
NC_002945.4	2291919
NC_002945.4	2292731
NC_002945.4	2293293
NC_002945.4	2294630
NC_002945.4	2295896
NC_002945.4	2296451
NC_002945.4	2296496
NC_002945.4	2300803
NC_002945.4	2301591
NC_002945.4	2302648
NC_002945.4	2303347
NC_002945.4	2303451
NC_002945.4	2304948
NC_002945.4	2305314
NC_002945.4	2306231
NC_002945.4	2306892
NC_002945.4	2308235
NC_002945.4	2308854
NC_002945.4	2309305
NC_002945.4	2310215
NC_002945.4	2310281
NC_002945.4	2311029
NC_002945.4	2311505
NC_002945.4	2311926
NC_002945.4	2312126
NC_002945.4	2313176
NC_002945.4	2313228
NC_002945.4	2313915
NC_002945.4	2314049
NC_002945.4	2316885
NC_002945.4	2316919
NC_002945.4	2317438
NC_002945.4	2317450
NC_002945.4	2317927
NC_002945.4	2319958
NC_002945.4	2321424
NC_002945.4	2321612
NC_002945.4	2322707
NC_002945.4	2322777
NC_002945.4	2323300
NC_002945.4	2325068
NC_002945.4	2325073
NC_002945.4	2326989
NC_002945.4	2328704
NC_002945.4	2330195
NC_002945.4	2332145
NC_002945.4	2333994
NC_002945.4	2334050
NC_002945.4	2335394
NC_002945.4	2336183
NC_002945.4	2338765
NC_002945.4	2338885
NC_002945.4	2339110
NC_002945.4	2339770
NC_002945.4	2345105
NC_002945.4	2345114
NC_002945.4	2345126
NC_002945.4	2345127
NC_002945.4	2345129
NC_002945.4	2345132
NC_002945.4	2345210
NC_002945.4	2345267
NC_002945.4	2345275
NC_002945.4	2345285
NC_002945.4	2345303
NC_002945.4	2345306
NC_002945.4	2345309
NC_002945.4	2345337
NC_002945.4	2345341
NC_002945.4	2345438
NC_002945.4	2347871
NC_002945.4	2350392
NC_002945.4	2351940
NC_002945.4	2352861
NC_002945.4	2353249
NC_002945.4	2355754
NC_002945.4	2356677
NC_002945.4	2358275
NC_002945.4	2358298
NC_002945.4	2358599
NC_002945.4	2360219
NC_002945.4	2361398
NC_002945.4	2362297
NC_002945.4	2368687
NC_002945.4	2369407
NC_002945.4	2374433
NC_002945.4	2375846
NC_002945.4	2378324
NC_002945.4	2378368
NC_002945.4	2380669
NC_002945.4	2381437
NC_002945.4	2381582
NC_002945.4	2383122
NC_002945.4	2383375
NC_002945.4	2384377
NC_002945.4	2384647
NC_002945.4	2385259
NC_002945.4	2387015
NC_002945.4	2387792
NC_002945.4	2388861
NC_002945.4	2394768
NC_002945.4	2394998
NC_002945.4	2397934
NC_002945.4	2400083
NC_002945.4	2400454
NC_002945.4	2407917
NC_002945.4	2408428
NC_002945.4	2408457
NC_002945.4	2409545
NC_002945.4	2409757
NC_002945.4	2409911
NC_002945.4	2410527
NC_002945.4	2410761
NC_002945.4	2412437
NC_002945.4	2413262
NC_002945.4	2413309
NC_002945.4	2413594
NC_002945.4	2414365
NC_002945.4	2414920
NC_002945.4	2416176
NC_002945.4	2417555
NC_002945.4	2418258
NC_002945.4	2418267
NC_002945.4	2418414
NC_002945.4	2418774
NC_002945.4	2419598
NC_002945.4	2422746
NC_002945.4	2425247
NC_002945.4	2426072
NC_002945.4	2428397
NC_002945.4	2430625
NC_002945.4	2432042
NC_002945.4	2432751
NC_002945.4	2436858
NC_002945.4	2436859
NC_002945.4	2437380
NC_002945.4	2437708
NC_002945.4	2437993
NC_002945.4	2438038
NC_002945.4	2438781
NC_002945.4	2440833
NC_002945.4	2442699
NC_002945.4	2443923
NC_002945.4	2444226
NC_002945.4	2445936
NC_002945.4	2446643
NC_002945.4	2452079
NC_002945.4	2453903
NC_002945.4	2454770
NC_002945.4	2455374
NC_002945.4	2455731
NC_002945.4	2456596
NC_002945.4	2457022
NC_002945.4	2457024
NC_002945.4	2458252
NC_002945.4	2459446
NC_002945.4	2459519
NC_002945.4	2460331
NC_002945.4	2461797
NC_002945.4	2462093
NC_002945.4	2464023
NC_002945.4	2464063
NC_002945.4	2468128
NC_002945.4	2468359
NC_002945.4	2474718
NC_002945.4	2475080
NC_002945.4	2475747
NC_002945.4	2478670
NC_002945.4	2479007
NC_002945.4	2480037
NC_002945.4	2481132
NC_002945.4	2482434
NC_002945.4	2482481
NC_002945.4	2483469
NC_002945.4	2485063
NC_002945.4	2485593
NC_002945.4	2487276
NC_002945.4	2487429
NC_002945.4	2489097
NC_002945.4	2490758
NC_002945.4	2492067
NC_002945.4	2492422
NC_002945.4	2493009
NC_002945.4	2493203
NC_002945.4	2494915
NC_002945.4	2495594
NC_002945.4	2497022
NC_002945.4	2498395
NC_002945.4	2499051
NC_002945.4	2499860
NC_002945.4	2501301
NC_002945.4	2503815
NC_002945.4	2505829
NC_002945.4	2506110
NC_002945.4	2506199
NC_002945.4	2506718
NC_002945.4	2506852
NC_002945.4	2506951
NC_002945.4	2507603
NC_002945.4	2508626
NC_002945.4	2508969
NC_002945.4	2509526
NC_002945.4	2512246
NC_002945.4	2512772
NC_002945.4	2513464
NC_002945.4	2513801
NC_002945.4	2514643
NC_002945.4	2514895
NC_002945.4	2515130
NC_002945.4	2515220
NC_002945.4	2515437
NC_002945.4	2515490
NC_002945.4	2518397
NC_002945.4	2520576
NC_002945.4	2521044
NC_002945.4	2521253
NC_002945.4	2521594
NC_002945.4	2521893
NC_002945.4	2523506
NC_002945.4	2523595
NC_002945.4	2524942
NC_002945.4	2525399
NC_002945.4	2525760
NC_002945.4	2526961
NC_002945.4	2527464
NC_002945.4	2528517
NC_002945.4	2529402
NC_002945.4	2529413
NC_002945.4	2530377
NC_002945.4	2532094
NC_002945.4	2532852
NC_002945.4	2532958
NC_002945.4	2536219
NC_002945.4	2536398
NC_002945.4	2538021
NC_002945.4	2538047
NC_002945.4	2541409
NC_002945.4	2542628
NC_002945.4	2547165
NC_002945.4	2548296
NC_002945.4	2548769
NC_002945.4	2549198
NC_002945.4	2552764
NC_002945.4	2553299
NC_002945.4	2554018
NC_002945.4	2555776
NC_002945.4	2558928
NC_002945.4	2559444
NC_002945.4	2563883
NC_002945.4	2564606
NC_002945.4	2564754
NC_002945.4	2565207
NC_002945.4	2567574
NC_002945.4	2570453
NC_002945.4	2570849
NC_002945.4	2571304
NC_002945.4	2572403
NC_002945.4	2572888
NC_002945.4	2573416
NC_002945.4	2573831
NC_002945.4	2574665
NC_002945.4	2575320
NC_002945.4	2576398
NC_002945.4	2576638
NC_002945.4	2576957
NC_002945.4	2582709
NC_002945.4	2583984
NC_002945.4	2585506
NC_002945.4	2586449
NC_002945.4	2587989
NC_002945.4	2588702
NC_002945.4	2589315
NC_002945.4	2590288
NC_002945.4	2592706
NC_002945.4	2592710
NC_002945.4	2593105
NC_002945.4	2595740
NC_002945.4	2598877
NC_002945.4	2599181
NC_002945.4	2599997
NC_002945.4	2600367
NC_002945.4	2600979
NC_002945.4	2601663
NC_002945.4	2601855
NC_002945.4	2603092
NC_002945.4	2608918
NC_002945.4	2610556
NC_002945.4	2614765
NC_002945.4	2615591
NC_002945.4	2618383
NC_002945.4	2620839
NC_002945.4	2621200
NC_002945.4	2622654
NC_002945.4	2623200
NC_002945.4	2623601
NC_002945.4	2627047
NC_002945.4	2631158
NC_002945.4	2631265
NC_002945.4	2631900
NC_002945.4	2632423
NC_002945.4	2633626
NC_002945.4	2636424
NC_002945.4	2637059
NC_002945.4	2641192
NC_002945.4	2642038
NC_002945.4	2642793
NC_002945.4	2643495
NC_002945.4	2645274
NC_002945.4	2646154
NC_002945.4	2646662
NC_002945.4	2647726
NC_002945.4	2650811
NC_002945.4	2651316
NC_002945.4	2652117
NC_002945.4	2652721
NC_002945.4	2652946
NC_002945.4	2655075
NC_002945.4	2656304
NC_002945.4	2656651
NC_002945.4	2657006
NC_002945.4	2657123
NC_002945.4	2659658
NC_002945.4	2663582
NC_002945.4	2663916
NC_002945.4	2664651
NC_002945.4	2664976
NC_002945.4	2665358
NC_002945.4	2666104
NC_002945.4	2667370
NC_002945.4	2667489
NC_002945.4	2668521
NC_002945.4	2670721
NC_002945.4	2671026
NC_002945.4	2672224
NC_002945.4	2672850
NC_002945.4	2673142
NC_002945.4	2676309
NC_002945.4	2677838
NC_002945.4	2678336
NC_002945.4	2679674
NC_002945.4	2679814
NC_002945.4	2680826
NC_002945.4	2683485
NC_002945.4	2684866
NC_002945.4	2684913
NC_002945.4	2685322
NC_002945.4	2687381
NC_002945.4	2687672
NC_002945.4	2688730
NC_002945.4	2689363
NC_002945.4	2689402
NC_002945.4	2689902
NC_002945.4	2690400
NC_002945.4	2690867
NC_002945.4	2692514
NC_002945.4	2694825
NC_002945.4	2695705
NC_002945.4	2696441
NC_002945.4	2699442
NC_002945.4	2700609
NC_002945.4	2701136
NC_002945.4	2702695
NC_002945.4	2703423
NC_002945.4	2704882
NC_002945.4	2712162
NC_002945.4	2712578
NC_002945.4	2713922
NC_002945.4	2717781
NC_002945.4	2718937
NC_002945.4	2719146
NC_002945.4	2719246
NC_002945.4	2720205
NC_002945.4	2723347
NC_002945.4	2723348
NC_002945.4	2723444
NC_002945.4	2725370
NC_002945.4	2725582
NC_002945.4	2727293
NC_002945.4	2728033
NC_002945.4	2728465
NC_002945.4	2729477
NC_002945.4	2730285
NC_002945.4	2733592
NC_002945.4	2734066
NC_002945.4	2734638
NC_002945.4	2737703
NC_002945.4	2739665
NC_002945.4	2740416
NC_002945.4	2743023
NC_002945.4	2744368
NC_002945.4	2745933
NC_002945.4	2745955
NC_002945.4	2746754
NC_002945.4	2747336
NC_002945.4	2747797
NC_002945.4	2748556
NC_002945.4	2748760
NC_002945.4	2749455
NC_002945.4	2749502
NC_002945.4	2750813
NC_002945.4	2752182
NC_002945.4	2752490
NC_002945.4	2753440
NC_002945.4	2753565
NC_002945.4	2754119
NC_002945.4	2755272
NC_002945.4	2757270
NC_002945.4	2758761
NC_002945.4	2762459
NC_002945.4	2763446
NC_002945.4	2765510
NC_002945.4	2766197
NC_002945.4	2766542
NC_002945.4	2767533
NC_002945.4	2767569
NC_002945.4	2769764
NC_002945.4	2770129
NC_002945.4	2771658
NC_002945.4	2771837
NC_002945.4	2772138
NC_002945.4	2772765
NC_002945.4	2774888
NC_002945.4	2775185
NC_002945.4	2775306
NC_002945.4	2776035
NC_002945.4	2776428
NC_002945.4	2778805
NC_002945.4	2779020
NC_002945.4	2786591
NC_002945.4	2787510
NC_002945.4	2788654
NC_002945.4	2791265
NC_002945.4	2792257
NC_002945.4	2794372
NC_002945.4	2798935
NC_002945.4	2802955
NC_002945.4	2806221
NC_002945.4	2806603
NC_002945.4	2807510
NC_002945.4	2807511
NC_002945.4	2807871
NC_002945.4	2807880
NC_002945.4	2808257
NC_002945.4	2808792
NC_002945.4	2809255
NC_002945.4	2815969
NC_002945.4	2818291
NC_002945.4	2819758
NC_002945.4	2821249
NC_002945.4	2822190
NC_002945.4	2823105
NC_002945.4	2824293
NC_002945.4	2824294
NC_002945.4	2825731
NC_002945.4	2827003
NC_002945.4	2827091
NC_002945.4	2828843
NC_002945.4	2828915
NC_002945.4	2830448
NC_002945.4	2836051
NC_002945.4	2836284
NC_002945.4	2837777
NC_002945.4	2837876
NC_002945.4	2838052
NC_002945.4	2838415
NC_002945.4	2838438
NC_002945.4	2838439
NC_002945.4	2838444
NC_002945.4	2838448
NC_002945.4	2838885
NC_002945.4	2840790
NC_002945.4	2841682
NC_002945.4	2841789
NC_002945.4	2842839
NC_002945.4	2842943
NC_002945.4	2846282
NC_002945.4	2846660
NC_002945.4	2846757
NC_002945.4	2847041
NC_002945.4	2847176
NC_002945.4	2847446
NC_002945.4	2848398
NC_002945.4	2848763
NC_002945.4	2853828
NC_002945.4	2854546
NC_002945.4	2855123
NC_002945.4	2857585
NC_002945.4	2857765
NC_002945.4	2859915
NC_002945.4	2860345
NC_002945.4	2862528
NC_002945.4	2865367
NC_002945.4	2866713
NC_002945.4	2868895
NC_002945.4	2870414
NC_002945.4	2870624
NC_002945.4	2871772
NC_002945.4	2872202
NC_002945.4	2873027
NC_002945.4	2873040
NC_002945.4	2873783
NC_002945.4	2875417
NC_002945.4	2875783
NC_002945.4	2876375
NC_002945.4	2878574
NC_002945.4	2880525
NC_002945.4	2881126
NC_002945.4	2881635
NC_002945.4	2881859
NC_002945.4	2883352
NC_002945.4	2883996
NC_002945.4	2884375
NC_002945.4	2884970
NC_002945.4	2885248
NC_002945.4	2885777
NC_002945.4	2886118
NC_002945.4	2886127
NC_002945.4	2888640
NC_002945.4	2891529
NC_002945.4	2892674
NC_002945.4	2893045
NC_002945.4	2893232
NC_002945.4	2894052
NC_002945.4	2894741
NC_002945.4	2895365
NC_002945.4	2895746
NC_002945.4	2895793
NC_002945.4	2899159
NC_002945.4	2899163
NC_002945.4	2899584
NC_002945.4	2899841
NC_002945.4	2900238
NC_002945.4	2900525
NC_002945.4	2901399
NC_002945.4	2901855
NC_002945.4	2901956
NC_002945.4	2902473
NC_002945.4	2902523
NC_002945.4	2902919
NC_002945.4	2903273
NC_002945.4	2904872
NC_002945.4	2905191
NC_002945.4	2906401
NC_002945.4	2914131
NC_002945.4	2915413
NC_002945.4	2916734
NC_002945.4	2917044
NC_002945.4	2917076
NC_002945.4	2917078
NC_002945.4	2917081
NC_002945.4	2917082
NC_002945.4	2917420
NC_002945.4	2918203
NC_002945.4	2919969
NC_002945.4	2920658
NC_002945.4	2921155
NC_002945.4	2923974
NC_002945.4	2924678
NC_002945.4	2924742
NC_002945.4	2924775
NC_002945.4	2925029
NC_002945.4	2927134
NC_002945.4	2930825
NC_002945.4	2931071
NC_002945.4	2931113
NC_002945.4	2931508
NC_002945.4	2931709
NC_002945.4	2935039
NC_002945.4	2935950
NC_002945.4	2936095
NC_002945.4	2937773
NC_002945.4	2938001
NC_002945.4	2939421
NC_002945.4	2940146
NC_002945.4	2941612
NC_002945.4	2942926
NC_002945.4	2944864
NC_002945.4	2944945
NC_002945.4	2946055
NC_002945.4	2946601
NC_002945.4	2946800
NC_002945.4	2947072
NC_002945.4	2947196
NC_002945.4	2947434
NC_002945.4	2947437
NC_002945.4	2949450
NC_002945.4	2950082
NC_002945.4	2952414
NC_002945.4	2955203
NC_002945.4	2955439
NC_002945.4	2955440
NC_002945.4	2956778
NC_002945.4	2958434
NC_002945.4	2960596
NC_002945.4	2961782
NC_002945.4	2963409
NC_002945.4	2964207
NC_002945.4	2965418
NC_002945.4	2967594
NC_002945.4	2967998
NC_002945.4	2968051
NC_002945.4	2968371
NC_002945.4	2968724
NC_002945.4	2970944
NC_002945.4	2971816
NC_002945.4	2972907
NC_002945.4	2973882
NC_002945.4	2974536
NC_002945.4	2975453
NC_002945.4	2978162
NC_002945.4	2978164
NC_002945.4	2978979
NC_002945.4	2979064
NC_002945.4	2980908
NC_002945.4	2981335
NC_002945.4	2983008
NC_002945.4	2983184
NC_002945.4	2983580
NC_002945.4	2984156
NC_002945.4	2986167
NC_002945.4	2986931
NC_002945.4	2987340
NC_002945.4	2989713
NC_002945.4	2990772
NC_002945.4	2992031
NC_002945.4	2992678
NC_002945.4	2994019
NC_002945.4	2995004
NC_002945.4	2995897
NC_002945.4	2997998
NC_002945.4	2998243
NC_002945.4	2998707
NC_002945.4	2998848
NC_002945.4	3000618
NC_002945.4	3001746
NC_002945.4	3003401
NC_002945.4	3005502
NC_002945.4	3006644
NC_002945.4	3015552
NC_002945.4	3016908
NC_002945.4	3018434
NC_002945.4	3018593
NC_002945.4	3018827
NC_002945.4	3020256
NC_002945.4	3022440
NC_002945.4	3024609
NC_002945.4	3024649
NC_002945.4	3024858
NC_002945.4	3024956
NC_002945.4	3025938
NC_002945.4	3026851
NC_002945.4	3026974
NC_002945.4	3027374
NC_002945.4	3027541
NC_002945.4	3029976
NC_002945.4	3030371
NC_002945.4	3031577
NC_002945.4	3034122
NC_002945.4	3034741
NC_002945.4	3036490
NC_002945.4	3037620
NC_002945.4	3040820
NC_002945.4	3040929
NC_002945.4	3042717
NC_002945.4	3042914
NC_002945.4	3044513
NC_002945.4	3046354
NC_002945.4	3046630
NC_002945.4	3047386
NC_002945.4	3047967
NC_002945.4	3051741
NC_002945.4	3052401
NC_002945.4	3053649
NC_002945.4	3053756
NC_002945.4	3059770
NC_002945.4	3060306
NC_002945.4	3061657
NC_002945.4	3062886
NC_002945.4	3063074
NC_002945.4	3063350
NC_002945.4	3065929
NC_002945.4	3065975
NC_002945.4	3066564
NC_002945.4	3067315
NC_002945.4	3068041
NC_002945.4	3069636
NC_002945.4	3069721
NC_002945.4	3070633
NC_002945.4	3070642
NC_002945.4	3070716
NC_002945.4	3070850
NC_002945.4	3071269
NC_002945.4	3072290
NC_002945.4	3075880
NC_002945.4	3076507
NC_002945.4	3079390
NC_002945.4	3080347
NC_002945.4	3081937
NC_002945.4	3082434
NC_002945.4	3085995
NC_002945.4	3088364
NC_002945.4	3088508
NC_002945.4	3088868
NC_002945.4	3089451
NC_002945.4	3091738
NC_002945.4	3093531
NC_002945.4	3094391
NC_002945.4	3096895
NC_002945.4	3096933
NC_002945.4	3096934
NC_002945.4	3097144
NC_002945.4	3098249
NC_002945.4	3098380
NC_002945.4	3098846
NC_002945.4	3098932
NC_002945.4	3099154
NC_002945.4	3100639
NC_002945.4	3100930
NC_002945.4	3101115
NC_002945.4	3101136
NC_002945.4	3102455
NC_002945.4	3103080
NC_002945.4	3103354
NC_002945.4	3104585
NC_002945.4	3105789
NC_002945.4	3106064
NC_002945.4	3106939
NC_002945.4	3108337
NC_002945.4	3108570
NC_002945.4	3109570
NC_002945.4	3111275
NC_002945.4	3114910
NC_002945.4	3115060
NC_002945.4	3115153
NC_002945.4	3116059
NC_002945.4	3117834
NC_002945.4	3118505
NC_002945.4	3119208
NC_002945.4	3119647
NC_002945.4	3119949
NC_002945.4	3120373
NC_002945.4	3123387
NC_002945.4	3124423
NC_002945.4	3124486
NC_002945.4	3125809
NC_002945.4	3126804
NC_002945.4	3127329
NC_002945.4	3128144
NC_002945.4	3129144
NC_002945.4	3134915
NC_002945.4	3136799
NC_002945.4	3137471
NC_002945.4	3138320
NC_002945.4	3140342
NC_002945.4	3144202
NC_002945.4	3144645
NC_002945.4	3145660
NC_002945.4	3145688
NC_002945.4	3146564
NC_002945.4	3147614
NC_002945.4	3149634
NC_002945.4	3150579
NC_002945.4	3151080
NC_002945.4	3151212
NC_002945.4	3152771
NC_002945.4	3153887
NC_002945.4	3154140
NC_002945.4	3154758
NC_002945.4	3159182
NC_002945.4	3159999
NC_002945.4	3163259
NC_002945.4	3163477
NC_002945.4	3164986
NC_002945.4	3165010
NC_002945.4	3165088
NC_002945.4	3165152
NC_002945.4	3165195
NC_002945.4	3166274
NC_002945.4	3166573
NC_002945.4	3166744
NC_002945.4	3167499
NC_002945.4	3167693
NC_002945.4	3172252
NC_002945.4	3172320
NC_002945.4	3172577
NC_002945.4	3173264
NC_002945.4	3173568
NC_002945.4	3173619
NC_002945.4	3176266
NC_002945.4	3176809
NC_002945.4	3178379
NC_002945.4	3180901
NC_002945.4	3181361
NC_002945.4	3181535
NC_002945.4	3183873
NC_002945.4	3184331
NC_002945.4	3185535
NC_002945.4	3185663
NC_002945.4	3189288
NC_002945.4	3190129
NC_002945.4	3190941
NC_002945.4	3191587
NC_002945.4	3191792
NC_002945.4	3191795
NC_002945.4	3192883
NC_002945.4	3193631
NC_002945.4	3195310
NC_002945.4	3195738
NC_002945.4	3195948
NC_002945.4	3196755
NC_002945.4	3197712
NC_002945.4	3201837
NC_002945.4	3202557
NC_002945.4	3202580
NC_002945.4	3203316
NC_002945.4	3204542
NC_002945.4	3204680
NC_002945.4	3207200
NC_002945.4	3207492
NC_002945.4	3210999
NC_002945.4	3211524
NC_002945.4	3211854
NC_002945.4	3212055
NC_002945.4	3214781
NC_002945.4	3215158
NC_002945.4	3216131
NC_002945.4	3219818
NC_002945.4	3220672
NC_002945.4	3221352
NC_002945.4	3223292
NC_002945.4	3225825
NC_002945.4	3228730
NC_002945.4	3230333
NC_002945.4	3231808
NC_002945.4	3233102
NC_002945.4	3235528
NC_002945.4	3237819
NC_002945.4	3239453
NC_002945.4	3240265
NC_002945.4	3240630
NC_002945.4	3240775
NC_002945.4	3241493
NC_002945.4	3243850
NC_002945.4	3244324
NC_002945.4	3246126
NC_002945.4	3247551
NC_002945.4	3247623
NC_002945.4	3248190
NC_002945.4	3248656
NC_002945.4	3249097
NC_002945.4	3251774
NC_002945.4	3252307
NC_002945.4	3252911
NC_002945.4	3252923
NC_002945.4	3255416
NC_002945.4	3256582
NC_002945.4	3256734
NC_002945.4	3257363
NC_002945.4	3261863
NC_002945.4	3263781
NC_002945.4	3265613
NC_002945.4	3265994
NC_002945.4	3267690
NC_002945.4	3269464
NC_002945.4	3270181
NC_002945.4	3270593
NC_002945.4	3271300
NC_002945.4	3273270
NC_002945.4	3273535
NC_002945.4	3273802
NC_002945.4	3274301
NC_002945.4	3275186
NC_002945.4	3276565
NC_002945.4	3277732
NC_002945.4	3279361
NC_002945.4	3281561
NC_002945.4	3282525
NC_002945.4	3282696
NC_002945.4	3283127
NC_002945.4	3283635
NC_002945.4	3284718
NC_002945.4	3285077
NC_002945.4	3285995
NC_002945.4	3286985
NC_002945.4	3288204
NC_002945.4	3294770
NC_002945.4	3294771
NC_002945.4	3295564
NC_002945.4	3295991
NC_002945.4	3296613
NC_002945.4	3297558
NC_002945.4	3298200
NC_002945.4	3298313
NC_002945.4	3300118
NC_002945.4	3304352
NC_002945.4	3304356
NC_002945.4	3304383
NC_002945.4	3304410
NC_002945.4	3304946
NC_002945.4	3307499
NC_002945.4	3308042
NC_002945.4	3310831
NC_002945.4	3311330
NC_002945.4	3316445
NC_002945.4	3318616
NC_002945.4	3320300
NC_002945.4	3321666
NC_002945.4	3322312
NC_002945.4	3326391
NC_002945.4	3328987
NC_002945.4	3329772
NC_002945.4	3330907
NC_002945.4	3332428
NC_002945.4	3332618
NC_002945.4	3333764
NC_002945.4	3336530
NC_002945.4	3337088
NC_002945.4	3337338
NC_002945.4	3338272
NC_002945.4	3338298
NC_002945.4	3340233
NC_002945.4	3340656
NC_002945.4	3340827
NC_002945.4	3342314
NC_002945.4	3343724
NC_002945.4	3343932
NC_002945.4	3345911
NC_002945.4	3347355
NC_002945.4	3347870
NC_002945.4	3347875
NC_002945.4	3348069
NC_002945.4	3353516
NC_002945.4	3355645
NC_002945.4	3356189
NC_002945.4	3358272
NC_002945.4	3362411
NC_002945.4	3366087
NC_002945.4	3368453
NC_002945.4	3369916
NC_002945.4	3370189
NC_002945.4	3371156
NC_002945.4	3371989
NC_002945.4	3374614
NC_002945.4	3377821
NC_002945.4	3378425
NC_002945.4	3378546
NC_002945.4	3379201
NC_002945.4	3385810
NC_002945.4	3387409
NC_002945.4	3387410
NC_002945.4	3387483
NC_002945.4	3390499
NC_002945.4	3391870
NC_002945.4	3392414
NC_002945.4	3392458
NC_002945.4	3394764
NC_002945.4	3396621
NC_002945.4	3396650
NC_002945.4	3396854
NC_002945.4	3397925
NC_002945.4	3404182
NC_002945.4	3405232
NC_002945.4	3405542
NC_002945.4	3407951
NC_002945.4	3408422
NC_002945.4	3411351
NC_002945.4	3411400
NC_002945.4	3414355
NC_002945.4	3416116
NC_002945.4	3418374
NC_002945.4	3418738
NC_002945.4	3418778
NC_002945.4	3418800
NC_002945.4	3419426
NC_002945.4	3419952
NC_002945.4	3421228
NC_002945.4	3421803
NC_002945.4	3421983
NC_002945.4	3422386
NC_002945.4	3422482
NC_002945.4	3422650
NC_002945.4	3422975
NC_002945.4	3423516
NC_002945.4	3424648
NC_002945.4	3427048
NC_002945.4	3428274
NC_002945.4	3428561
NC_002945.4	3429658
NC_002945.4	3430869
NC_002945.4	3430910
NC_002945.4	3431046
NC_002945.4	3432038
NC_002945.4	3434672
NC_002945.4	3435083
NC_002945.4	3437385
NC_002945.4	3438563
NC_002945.4	3439578
NC_002945.4	3440561
NC_002945.4	3441065
NC_002945.4	3441731
NC_002945.4	3444673
NC_002945.4	3445749
NC_002945.4	3451869
NC_002945.4	3453219
NC_002945.4	3455025
NC_002945.4	3458697
NC_002945.4	3459614
NC_002945.4	3460907
NC_002945.4	3461200
NC_002945.4	3461311
NC_002945.4	3464044
NC_002945.4	3464485
NC_002945.4	3464524
NC_002945.4	3465972
NC_002945.4	3468669
NC_002945.4	3470386
NC_002945.4	3471108
NC_002945.4	3471404
NC_002945.4	3471603
NC_002945.4	3472879
NC_002945.4	3477088
NC_002945.4	3479997
NC_002945.4	3480332
NC_002945.4	3482644
NC_002945.4	3484836
NC_002945.4	3485944
NC_002945.4	3486507
NC_002945.4	3486722
NC_002945.4	3488585
NC_002945.4	3490954
NC_002945.4	3493554
NC_002945.4	3494228
NC_002945.4	3495510
NC_002945.4	3496498
NC_002945.4	3496643
NC_002945.4	3497957
NC_002945.4	3498639
NC_002945.4	3498763
NC_002945.4	3500278
NC_002945.4	3500301
NC_002945.4	3500627
NC_002945.4	3501404
NC_002945.4	3502058
NC_002945.4	3502357
NC_002945.4	3504303
NC_002945.4	3505114
NC_002945.4	3505211
NC_002945.4	3506284
NC_002945.4	3507468
NC_002945.4	3508504
NC_002945.4	3509257
NC_002945.4	3513205
NC_002945.4	3514031
NC_002945.4	3516166
NC_002945.4	3516358
NC_002945.4	3517056
NC_002945.4	3518234
NC_002945.4	3518567
NC_002945.4	3521820
NC_002945.4	3523856
NC_002945.4	3524149
NC_002945.4	3529570
NC_002945.4	3529645
NC_002945.4	3531257
NC_002945.4	3534044
NC_002945.4	3536673
NC_002945.4	3544104
NC_002945.4	3545760
NC_002945.4	3546799
NC_002945.4	3547794
NC_002945.4	3549094
NC_002945.4	3552510
NC_002945.4	3552824
NC_002945.4	3553860
NC_002945.4	3553877
NC_002945.4	3554399
NC_002945.4	3555608
NC_002945.4	3556044
NC_002945.4	3557635
NC_002945.4	3558963
NC_002945.4	3559012
NC_002945.4	3559583
NC_002945.4	3562403
NC_002945.4	3563678
NC_002945.4	3563762
NC_002945.4	3564896
NC_002945.4	3565636
NC_002945.4	3566268
NC_002945.4	3566951
NC_002945.4	3567535
NC_002945.4	3570004
NC_002945.4	3570063
NC_002945.4	3570505
NC_002945.4	3572261
NC_002945.4	3574014
NC_002945.4	3574802
NC_002945.4	3574955
NC_002945.4	3575448
NC_002945.4	3577163
NC_002945.4	3577320
NC_002945.4	3577942
NC_002945.4	3579153
NC_002945.4	3579701
NC_002945.4	3582382
NC_002945.4	3585612
NC_002945.4	3588093
NC_002945.4	3588316
NC_002945.4	3588642
NC_002945.4	3589313
NC_002945.4	3590087
NC_002945.4	3590096
NC_002945.4	3591452
NC_002945.4	3591970
NC_002945.4	3592168
NC_002945.4	3592482
NC_002945.4	3593491
NC_002945.4	3598580
NC_002945.4	3598711
NC_002945.4	3599590
NC_002945.4	3600600
NC_002945.4	3601147
NC_002945.4	3601974
NC_002945.4	3606409
NC_002945.4	3608622
NC_002945.4	3609675
NC_002945.4	3615637
NC_002945.4	3616046
NC_002945.4	3617674
NC_002945.4	3618952
NC_002945.4	3619005
NC_002945.4	3622899
NC_002945.4	3623816
NC_002945.4	3624371
NC_002945.4	3626128
NC_002945.4	3626416
NC_002945.4	3627428
NC_002945.4	3627526
NC_002945.4	3627748
NC_002945.4	3629375
NC_002945.4	3630061
NC_002945.4	3631168
NC_002945.4	3632560
NC_002945.4	3633047
NC_002945.4	3633827
NC_002945.4	3633920
NC_002945.4	3638161
NC_002945.4	3638955
NC_002945.4	3639553
NC_002945.4	3643541
NC_002945.4	3644266
NC_002945.4	3644668
NC_002945.4	3645430
NC_002945.4	3645682
NC_002945.4	3647514
NC_002945.4	3648648
NC_002945.4	3648753
NC_002945.4	3649583
NC_002945.4	3651165
NC_002945.4	3654302
NC_002945.4	3655045
NC_002945.4	3655206
NC_002945.4	3657371
NC_002945.4	3657632
NC_002945.4	3659695
NC_002945.4	3660246
NC_002945.4	3660559
NC_002945.4	3660623
NC_002945.4	3664338
NC_002945.4	3664417
NC_002945.4	3665811
NC_002945.4	3666511
NC_002945.4	3666512
NC_002945.4	3666574
NC_002945.4	3667783
NC_002945.4	3667823
NC_002945.4	3669620
NC_002945.4	3675692
NC_002945.4	3676794
NC_002945.4	3676805
NC_002945.4	3677264
NC_002945.4	3679345
NC_002945.4	3681492
NC_002945.4	3681979
NC_002945.4	3684889
NC_002945.4	3685969
NC_002945.4	3686878
NC_002945.4	3687364
NC_002945.4	3688054
NC_002945.4	3688339
NC_002945.4	3689116
NC_002945.4	3690888
NC_002945.4	3691855
NC_002945.4	3693040
NC_002945.4	3693910
NC_002945.4	3694075
NC_002945.4	3694287
NC_002945.4	3695585
NC_002945.4	3696267
NC_002945.4	3696268
NC_002945.4	3697856
NC_002945.4	3698007
NC_002945.4	3698339
NC_002945.4	3698535
NC_002945.4	3699513
NC_002945.4	3700094
NC_002945.4	3701738
NC_002945.4	3701807
NC_002945.4	3703384
NC_002945.4	3704167
NC_002945.4	3707359
NC_002945.4	3707866
NC_002945.4	3709370
NC_002945.4	3709857
NC_002945.4	3709890
NC_002945.4	3712401
NC_002945.4	3712828
NC_002945.4	3712859
NC_002945.4	3713557
NC_002945.4	3714638
NC_002945.4	3715161
NC_002945.4	3716475
NC_002945.4	3716589
NC_002945.4	3718628
NC_002945.4	3718788
NC_002945.4	3719802
NC_002945.4	3720536
NC_002945.4	3720634
NC_002945.4	3721062
NC_002945.4	3722784
NC_002945.4	3723554
NC_002945.4	3724511
NC_002945.4	3724618
NC_002945.4	3725203
NC_002945.4	3725619
NC_002945.4	3728627
NC_002945.4	3728685
NC_002945.4	3729351
NC_002945.4	3729841
NC_002945.4	3731438
NC_002945.4	3732322
NC_002945.4	3733663
NC_002945.4	3734058
NC_002945.4	3735383
NC_002945.4	3736684
NC_002945.4	3740607
NC_002945.4	3740858
NC_002945.4	3743125
NC_002945.4	3744329
NC_002945.4	3744601
NC_002945.4	3744629
NC_002945.4	3746895
NC_002945.4	3746897
NC_002945.4	3746899
NC_002945.4	3746900
NC_002945.4	3746903
NC_002945.4	3746905
NC_002945.4	3748165
NC_002945.4	3748542
NC_002945.4	3748741
NC_002945.4	3751627
NC_002945.4	3755014
NC_002945.4	3758550
NC_002945.4	3758900
NC_002945.4	3759666
NC_002945.4	3761027
NC_002945.4	3762212
NC_002945.4	3762425
NC_002945.4	3762627
NC_002945.4	3763701
NC_002945.4	3763877
NC_002945.4	3764602
NC_002945.4	3765542
NC_002945.4	3766435
NC_002945.4	3766860
NC_002945.4	3768411
NC_002945.4	3768858
NC_002945.4	3769174
NC_002945.4	3771511
NC_002945.4	3773957
NC_002945.4	3776549
NC_002945.4	3776764
NC_002945.4	3777157
NC_002945.4	3777387
NC_002945.4	3777505
NC_002945.4	3778473
NC_002945.4	3781787
NC_002945.4	3781934
NC_002945.4	3782352
NC_002945.4	3783635
NC_002945.4	3785311
NC_002945.4	3787596
NC_002945.4	3787772
NC_002945.4	3791621
NC_002945.4	3792395
NC_002945.4	3793351
NC_002945.4	3795962
NC_002945.4	3797482
NC_002945.4	3797706
NC_002945.4	3799052
NC_002945.4	3799997
NC_002945.4	3800223
NC_002945.4	3800856
NC_002945.4	3801544
NC_002945.4	3802310
NC_002945.4	3803936
NC_002945.4	3805467
NC_002945.4	3809614
NC_002945.4	3811455
NC_002945.4	3812953
NC_002945.4	3814253
NC_002945.4	3816878
NC_002945.4	3818488
NC_002945.4	3820995
NC_002945.4	3821162
NC_002945.4	3821259
NC_002945.4	3825991
NC_002945.4	3827068
NC_002945.4	3827493
NC_002945.4	3827499
NC_002945.4	3827894
NC_002945.4	3828728
NC_002945.4	3829369
NC_002945.4	3830462
NC_002945.4	3832251
NC_002945.4	3832833
NC_002945.4	3833590
NC_002945.4	3835096
NC_002945.4	3835182
NC_002945.4	3836957
NC_002945.4	3836958
NC_002945.4	3836960
NC_002945.4	3837231
NC_002945.4	3837399
NC_002945.4	3837680
NC_002945.4	3838602
NC_002945.4	3839007
NC_002945.4	3839650
NC_002945.4	3840860
NC_002945.4	3840986
NC_002945.4	3844920
NC_002945.4	3844988
NC_002945.4	3846859
NC_002945.4	3849304
NC_002945.4	3851618
NC_002945.4	3852252
NC_002945.4	3852407
NC_002945.4	3855414
NC_002945.4	3856949
NC_002945.4	3857947
NC_002945.4	3857994
NC_002945.4	3858563
NC_002945.4	3860398
NC_002945.4	3861392
NC_002945.4	3864899
NC_002945.4	3865350
NC_002945.4	3865430
NC_002945.4	3866783
NC_002945.4	3867277
NC_002945.4	3868562
NC_002945.4	3871159
NC_002945.4	3871540
NC_002945.4	3872427
NC_002945.4	3872955
NC_002945.4	3874432
NC_002945.4	3874570
NC_002945.4	3877294
NC_002945.4	3877417
NC_002945.4	3877418
NC_002945.4	3877448
NC_002945.4	3880558
NC_002945.4	3881047
NC_002945.4	3883027
NC_002945.4	3883997
NC_002945.4	3884025
NC_002945.4	3884027
NC_002945.4	3884294
NC_002945.4	3884519
NC_002945.4	3885663
NC_002945.4	3888418
NC_002945.4	3888463
NC_002945.4	3889756
NC_002945.4	3890837
NC_002945.4	3890839
NC_002945.4	3891263
NC_002945.4	3891337
NC_002945.4	3892086
NC_002945.4	3892102
NC_002945.4	3892137
NC_002945.4	3892142
NC_002945.4	3892146
NC_002945.4	3892373
NC_002945.4	3893080
NC_002945.4	3893389
NC_002945.4	3894713
NC_002945.4	3896331
NC_002945.4	3896539
NC_002945.4	3899215
NC_002945.4	3899539
NC_002945.4	3900558
NC_002945.4	3900805
NC_002945.4	3901780
NC_002945.4	3902184
NC_002945.4	3903882
NC_002945.4	3904909
NC_002945.4	3906427
NC_002945.4	3907973
NC_002945.4	3908279
NC_002945.4	3908800
NC_002945.4	3911278
NC_002945.4	3912343
NC_002945.4	3913260
NC_002945.4	3913350
NC_002945.4	3915497
NC_002945.4	3916767
NC_002945.4	3918264
NC_002945.4	3919424
NC_002945.4	3920120
NC_002945.4	3921518
NC_002945.4	3921938
NC_002945.4	3923789
NC_002945.4	3924529
NC_002945.4	3925538
NC_002945.4	3930990
NC_002945.4	3933697
NC_002945.4	3933900
NC_002945.4	3934739
NC_002945.4	3934972
NC_002945.4	3935273
NC_002945.4	3935567
NC_002945.4	3936029
NC_002945.4	3937980
NC_002945.4	3938066
NC_002945.4	3940591
NC_002945.4	3940875
NC_002945.4	3940894
NC_002945.4	3941997
NC_002945.4	3944251
NC_002945.4	3944275
NC_002945.4	3945048
NC_002945.4	3948007
NC_002945.4	3948447
NC_002945.4	3952232
NC_002945.4	3954951
NC_002945.4	3957140
NC_002945.4	3957298
NC_002945.4	3957346
NC_002945.4	3964142
NC_002945.4	3966140
NC_002945.4	3966153
NC_002945.4	3968721
NC_002945.4	3969340
NC_002945.4	3969490
NC_002945.4	3969558
NC_002945.4	3969875
NC_002945.4	3970134
NC_002945.4	3972394
NC_002945.4	3973089
NC_002945.4	3974686
NC_002945.4	3975656
NC_002945.4	3975860
NC_002945.4	3976552
NC_002945.4	3977886
NC_002945.4	3978311
NC_002945.4	3979253
NC_002945.4	3979262
NC_002945.4	3979265
NC_002945.4	3979271
NC_002945.4	3979452
NC_002945.4	3980031
NC_002945.4	3980095
NC_002945.4	3980575
NC_002945.4	3981782
NC_002945.4	3982608
NC_002945.4	3983633
NC_002945.4	3983963
NC_002945.4	3985394
NC_002945.4	3986056
NC_002945.4	3988052
NC_002945.4	3989491
NC_002945.4	3993563
NC_002945.4	3994895
NC_002945.4	3996350
NC_002945.4	3999874
NC_002945.4	4000275
NC_002945.4	4002062
NC_002945.4	4002134
NC_002945.4	4003460
NC_002945.4	4003975
NC_002945.4	4004155
NC_002945.4	4007443
NC_002945.4	4008801
NC_002945.4	4010017
NC_002945.4	4010453
NC_002945.4	4010694
NC_002945.4	4010760
NC_002945.4	4012610
NC_002945.4	4014565
NC_002945.4	4016125
NC_002945.4	4016801
NC_002945.4	4017197
NC_002945.4	4017227
NC_002945.4	4017319
NC_002945.4	4017811
NC_002945.4	4018300
NC_002945.4	4018483
NC_002945.4	4020305
NC_002945.4	4020640
NC_002945.4	4020843
NC_002945.4	4023654
NC_002945.4	4024763
NC_002945.4	4025009
NC_002945.4	4025420
NC_002945.4	4028902
NC_002945.4	4029993
NC_002945.4	4031132
NC_002945.4	4032310
NC_002945.4	4034708
NC_002945.4	4035491
NC_002945.4	4037013
NC_002945.4	4037217
NC_002945.4	4037609
NC_002945.4	4038689
NC_002945.4	4040828
NC_002945.4	4046572
NC_002945.4	4046716
NC_002945.4	4046956
NC_002945.4	4048416
NC_002945.4	4049732
NC_002945.4	4052528
NC_002945.4	4056578
NC_002945.4	4056618
NC_002945.4	4060548
NC_002945.4	4061423
NC_002945.4	4061768
NC_002945.4	4062199
NC_002945.4	4064202
NC_002945.4	4064457
NC_002945.4	4068433
NC_002945.4	4070056
NC_002945.4	4070287
NC_002945.4	4070297
NC_002945.4	4070901
NC_002945.4	4071348
NC_002945.4	4072607
NC_002945.4	4074437
NC_002945.4	4074931
NC_002945.4	4075015
NC_002945.4	4077189
NC_002945.4	4078313
NC_002945.4	4078603
NC_002945.4	4079226
NC_002945.4	4080736
NC_002945.4	4082258
NC_002945.4	4082382
NC_002945.4	4082454
NC_002945.4	4082470
NC_002945.4	4084355
NC_002945.4	4084792
NC_002945.4	4084874
NC_002945.4	4085392
NC_002945.4	4085912
NC_002945.4	4086901
NC_002945.4	4087219
NC_002945.4	4087387
NC_002945.4	4090328
NC_002945.4	4090804
NC_002945.4	4092342
NC_002945.4	4093186
NC_002945.4	4095458
NC_002945.4	4096313
NC_002945.4	4096612
NC_002945.4	4098127
NC_002945.4	4098715
NC_002945.4	4099450
NC_002945.4	4100483
NC_002945.4	4103060
NC_002945.4	4104900
NC_002945.4	4105952
NC_002945.4	4107438
NC_002945.4	4110269
NC_002945.4	4111065
NC_002945.4	4111415
NC_002945.4	4111459
NC_002945.4	4111701
NC_002945.4	4112300
NC_002945.4	4112348
NC_002945.4	4112985
NC_002945.4	4114394
NC_002945.4	4115834
NC_002945.4	4116484
NC_002945.4	4117098
NC_002945.4	4117405
NC_002945.4	4119026
NC_002945.4	4121240
NC_002945.4	4122726
NC_002945.4	4123726
NC_002945.4	4125935
NC_002945.4	4127244
NC_002945.4	4128841
NC_002945.4	4128981
NC_002945.4	4129801
NC_002945.4	4130095
NC_002945.4	4130557
NC_002945.4	4130585
NC_002945.4	4130767
NC_002945.4	4130927
NC_002945.4	4131268
NC_002945.4	4131750
NC_002945.4	4132243
NC_002945.4	4132510
NC_002945.4	4132512
NC_002945.4	4133380
NC_002945.4	4133948
NC_002945.4	4136226
NC_002945.4	4138012
NC_002945.4	4138897
NC_002945.4	4139579
NC_002945.4	4140682
NC_002945.4	4142080
NC_002945.4	4145085
NC_002945.4	4145270
NC_002945.4	4145402
NC_002945.4	4148925
NC_002945.4	4149101
NC_002945.4	4151612
NC_002945.4	4152730
NC_002945.4	4153764
NC_002945.4	4155044
NC_002945.4	4157053
NC_002945.4	4157808
NC_002945.4	4157809
NC_002945.4	4158162
NC_002945.4	4159428
NC_002945.4	4160215
NC_002945.4	4160709
NC_002945.4	4160782
NC_002945.4	4160820
NC_002945.4	4161583
NC_002945.4	4162407
NC_002945.4	4162554
NC_002945.4	4163150
NC_002945.4	4163517
NC_002945.4	4170177
NC_002945.4	4170451
NC_002945.4	4170843
NC_002945.4	4172491
NC_002945.4	4172741
NC_002945.4	4173504
NC_002945.4	4173520
NC_002945.4	4175578
NC_002945.4	4175707
NC_002945.4	4176240
NC_002945.4	4176278
NC_002945.4	4179707
NC_002945.4	4180986
NC_002945.4	4183349
NC_002945.4	4183387
NC_002945.4	4187258
NC_002945.4	4189079
NC_002945.4	4189441
NC_002945.4	4191223
NC_002945.4	4191731
NC_002945.4	4191866
NC_002945.4	4193060
NC_002945.4	4198415
NC_002945.4	4198646
NC_002945.4	4201768
NC_002945.4	4202453
NC_002945.4	4202879
NC_002945.4	4204052
NC_002945.4	4204054
NC_002945.4	4205111
NC_002945.4	4207380
NC_002945.4	4207562
NC_002945.4	4207852
NC_002945.4	4208961
NC_002945.4	4210954
NC_002945.4	4211591
NC_002945.4	4211647
NC_002945.4	4213075
NC_002945.4	4213135
NC_002945.4	4214259
NC_002945.4	4217845
NC_002945.4	4217939
NC_002945.4	4217991
NC_002945.4	4218225
NC_002945.4	4219009
NC_002945.4	4219687
NC_002945.4	4219761
NC_002945.4	4221987
NC_002945.4	4222196
NC_002945.4	4224579
NC_002945.4	4224590
NC_002945.4	4225894
NC_002945.4	4226236
NC_002945.4	4226875
NC_002945.4	4226973
NC_002945.4	4227015
NC_002945.4	4227569
NC_002945.4	4228056
NC_002945.4	4228691
NC_002945.4	4228762
NC_002945.4	4231626
NC_002945.4	4232351
NC_002945.4	4233442
NC_002945.4	4234057
NC_002945.4	4235803
NC_002945.4	4236097
NC_002945.4	4237661
NC_002945.4	4237895
NC_002945.4	4239235
NC_002945.4	4239397
NC_002945.4	4243845
NC_002945.4	4244122
NC_002945.4	4244870
NC_002945.4	4245002
NC_002945.4	4245762
NC_002945.4	4246968
NC_002945.4	4249227
NC_002945.4	4250178
NC_002945.4	4250661
NC_002945.4	4250947
NC_002945.4	4253076
NC_002945.4	4254129
NC_002945.4	4256223
NC_002945.4	4256586
NC_002945.4	4256591
NC_002945.4	4256594
NC_002945.4	4256656
NC_002945.4	4258211
NC_002945.4	4258828
NC_002945.4	4260093
NC_002945.4	4260624
NC_002945.4	4263101
NC_002945.4	4263590
NC_002945.4	4264088
NC_002945.4	4264139
NC_002945.4	4265038
NC_002945.4	4266587
NC_002945.4	4266709
NC_002945.4	4268215
NC_002945.4	4269549
NC_002945.4	4269964
NC_002945.4	4270282
NC_002945.4	4270569
NC_002945.4	4272387
NC_002945.4	4272663
NC_002945.4	4276748
NC_002945.4	4277215
NC_002945.4	4277245
NC_002945.4	4279833
NC_002945.4	4280377
NC_002945.4	4281136
NC_002945.4	4281338
NC_002945.4	4282075
NC_002945.4	4282754
NC_002945.4	4283756
NC_002945.4	4285111
NC_002945.4	4285198
NC_002945.4	4289549
NC_002945.4	4291799
NC_002945.4	4292533
NC_002945.4	4297557
NC_002945.4	4298157
NC_002945.4	4298265
NC_002945.4	4298492
NC_002945.4	4298964
NC_002945.4	4299867
NC_002945.4	4299879
NC_002945.4	4301529
NC_002945.4	4303164
NC_002945.4	4303321
NC_002945.4	4304396
NC_002945.4	4305214
NC_002945.4	4305426
NC_002945.4	4305669
NC_002945.4	4305752
NC_002945.4	4308901
NC_002945.4	4309777
NC_002945.4	4309783
NC_002945.4	4311425
NC_002945.4	4312718
NC_002945.4	4313130
NC_002945.4	4315137
NC_002945.4	4317786
NC_002945.4	4318184
NC_002945.4	4320016
NC_002945.4	4320406
NC_002945.4	4321337
NC_002945.4	4321614
NC_002945.4	4323770
NC_002945.4	4324290
NC_002945.4	4324440
NC_002945.4	4324637
NC_002945.4	4325126
NC_002945.4	4326950
NC_002945.4	4329232
NC_002945.4	4329530
NC_002945.4	4329858
NC_002945.4	4331315
NC_002945.4	4333062
NC_002945.4	4339036
NC_002945.4	4341237
NC_002945.4	4342167
NC_002945.4	4343306
NC_002945.4	4343754
NC_002945.4	4343985
NC_002945.4	4345874
NC_002945.4	4346069
NC_002945.4	4346609
NC_002945.4	4347177
NC_002945.4	4347187
NC_002945.4	4347247
NC_002945.4	4347509
NC_002945.4	4348363
NC_002945.4	4348865
NC_002945.4	4348990
